Date, Ticker, Percent Return
2021-01-04T05:00:00Z,ANTE,0.02
2021-02-11T05:00:00Z,ANTE,0.02
2021-02-18T05:00:00Z,ANTE,0.02
2021-03-10T05:00:00Z,ANTE,0.02
2019-05-07T04:00:00Z,SBGI,0.02
2020-11-10T05:00:00Z,SITC,0.02
2020-04-17T04:00:00Z,ISSC,0.02
2019-02-21T05:00:00Z,KNDI,0.02
2020-04-14T04:00:00Z,KNDI,0.02
2020-07-30T04:00:00Z,KNDI,0.02
2020-11-20T05:00:00Z,KNDI,0.02
2020-03-23T04:00:00Z,TRNS,0.02
2020-03-25T04:00:00Z,UAL,0.02
2020-03-26T04:00:00Z,EFC,0.02
2020-04-09T04:00:00Z,EFC,0.02
2020-03-20T04:00:00Z,EEX,0.02
2020-05-06T04:00:00Z,EEX,-0.2397
2020-05-27T04:00:00Z,EEX,0.02
2020-06-05T04:00:00Z,EEX,0.02
2020-10-02T04:00:00Z,EEX,0.02
2020-11-10T05:00:00Z,RPT,0.02
2018-11-01T04:00:00Z,VCYT,0.02
2020-03-16T04:00:00Z,USAC,0.02
2020-03-20T04:00:00Z,USAC,0.02
2019-04-04T04:00:00Z,OESX,0.02
2019-05-21T04:00:00Z,OESX,0.02
2020-03-20T04:00:00Z,NOG,0.02
2020-06-09T04:00:00Z,NOG,0.02
2020-02-21T05:00:00Z,BXC,0.02
2020-05-28T04:00:00Z,BXC,0.02
2020-03-18T04:00:00Z,SPOK,0.02
2020-03-25T04:00:00Z,TPR,0.02
2018-11-02T04:00:00Z,AMSC,0.02
2021-06-11T04:00:00Z,AMSC,-0.143341
2020-05-20T04:00:00Z,SVT,-0.0604265
2019-01-08T05:00:00Z,SCYX,0.02
2019-02-01T05:00:00Z,SCYX,0.02
2020-04-14T04:00:00Z,MN,0.02
2020-04-16T04:00:00Z,MN,0.02
2020-03-20T04:00:00Z,LOVE,0.02
2020-04-13T04:00:00Z,LOVE,0.02
2020-04-20T04:00:00Z,LOVE,0.02
2021-01-27T05:00:00Z,VIR,0.02
2021-03-18T04:00:00Z,VIR,-0.095754
2020-06-02T04:00:00Z,INSE,0.02
2020-07-13T04:00:00Z,INSE,0.02
2018-12-28T05:00:00Z,BTAI,0.02
2019-01-08T05:00:00Z,BTAI,0.02
2020-01-03T05:00:00Z,BTAI,0.02
2020-02-14T05:00:00Z,BTAI,0.02
2020-02-18T05:00:00Z,BTAI,0.02
2020-09-02T04:00:00Z,JNCE,0.02
2020-03-20T04:00:00Z,CEQP,0.02
2018-06-08T04:00:00Z,AVHI,0.02
2019-01-07T05:00:00Z,DRRX,0.02
2019-05-06T04:00:00Z,DRRX,0.02
2019-07-23T04:00:00Z,DRRX,0.02
2018-06-29T04:00:00Z,BV,0.02
2020-03-25T04:00:00Z,W,0.02
2020-04-07T04:00:00Z,W,0.02
2018-06-20T04:00:00Z,ASTC,0.02
2018-09-24T04:00:00Z,ASTC,0.02
2018-12-13T05:00:00Z,ASTC,0.02
2018-12-24T05:00:00Z,ASTC,0.02
2020-03-26T04:00:00Z,ASTC,0.02
2020-04-13T04:00:00Z,ASTC,0.02
2020-10-28T04:00:00Z,ASTC,-0.223642
2019-02-05T05:00:00Z,VYGR,-0.0227066
2020-03-25T04:00:00Z,UBOT,0.02
2020-04-27T04:00:00Z,UBOT,0.02
2021-05-07T04:00:00Z,WW,0.02
2019-03-15T04:00:00Z,MDB,0.02
2020-01-30T05:00:00Z,SLM,-0.0375874
2019-10-30T04:00:00Z,AMKR,0.02
2020-03-20T04:00:00Z,THC,0.02
2020-04-09T04:00:00Z,THC,0.02
2020-05-15T04:00:00Z,CLLS,0.02
2018-07-26T04:00:00Z,VRAY,0.02
2019-12-10T05:00:00Z,VRAY,-0.0410959
2020-08-05T04:00:00Z,VRAY,0.02
2021-01-05T05:00:00Z,VRAY,0.02
2018-07-09T04:00:00Z,ACIU,0.02
2021-06-14T04:00:00Z,ACIU,0.02
2019-05-29T04:00:00Z,XELA,0.02
2019-10-07T04:00:00Z,XELA,0.02
2020-03-26T04:00:00Z,XELA,0.02
2020-05-01T04:00:00Z,XELA,0.02
2020-07-29T04:00:00Z,XELA,0.02
2020-12-21T05:00:00Z,XELA,0.02
2021-01-15T05:00:00Z,XELA,0.02
2021-01-26T05:00:00Z,XELA,0.02
2021-01-27T05:00:00Z,XELA,0.02
2021-03-10T05:00:00Z,XELA,0.02
2021-06-30T04:00:00Z,XELA,0.02
2021-07-07T04:00:00Z,XELA,0.02
2021-07-14T04:00:00Z,XELA,0.02
2020-12-02T05:00:00Z,CNXC,0.02
2019-01-08T05:00:00Z,PFMT,-0.109453
2020-09-29T04:00:00Z,PFMT,0.02
2020-10-19T04:00:00Z,PFMT,-0.295775
2020-02-28T05:00:00Z,DCO,-0.2041
2019-12-27T05:00:00Z,VRNA,0.02
2020-03-23T04:00:00Z,VRNA,0.02
2020-07-24T04:00:00Z,VRNA,-0.186992
2020-03-25T04:00:00Z,TVTY,0.02
2020-03-26T04:00:00Z,TVTY,0.02
2020-08-11T04:00:00Z,TVTY,0.02
2020-02-04T05:00:00Z,GURE,0.02
2018-12-26T05:00:00Z,QUIK,0.02
2019-02-05T05:00:00Z,QUIK,0.02
2019-12-06T05:00:00Z,QUIK,0.02
2021-02-17T05:00:00Z,QUIK,0.02
2019-02-07T05:00:00Z,STON,0.02
2019-07-08T04:00:00Z,STON,-0.109091
2019-08-23T04:00:00Z,STON,-0.205128
2020-12-22T05:00:00Z,STON,0.02
2021-03-22T04:00:00Z,STON,0.02
2021-04-19T04:00:00Z,STON,0.02
2020-08-28T04:00:00Z,HARP,-0.183365
2020-03-20T04:00:00Z,JOB,0.02
2020-03-25T04:00:00Z,JOB,0.02
2020-03-26T04:00:00Z,JOB,0.02
2020-06-04T04:00:00Z,JOB,0.02
2020-06-16T04:00:00Z,JOB,-0.0544018
2020-07-06T04:00:00Z,JOB,0.02
2020-08-07T04:00:00Z,JOB,0.02
2020-03-27T04:00:00Z,GPMT,0.02
2020-04-09T04:00:00Z,GPMT,0.02
2020-04-17T04:00:00Z,GPMT,-0.221875
2020-06-09T04:00:00Z,GPMT,0.02
2020-07-17T04:00:00Z,ARC,0.02
2020-07-30T04:00:00Z,ARC,0.02
2020-06-03T04:00:00Z,DLA,-0.112202
2020-03-20T04:00:00Z,STAR,0.02
2020-06-09T04:00:00Z,SND,0.02
2019-01-02T05:00:00Z,AXSM,0.02
2019-01-08T05:00:00Z,AXSM,0.02
2019-01-15T05:00:00Z,AXSM,-0.0479616
2019-04-01T04:00:00Z,AXSM,-0.180218
2019-12-18T05:00:00Z,AXSM,0.02
2021-01-19T05:00:00Z,BCYC,0.02
2021-06-16T04:00:00Z,AMSWA,-0.110626
2020-03-20T04:00:00Z,PAGP,0.02
2020-03-24T04:00:00Z,PAGP,0.02
2018-11-02T04:00:00Z,FORM,0.02
2020-06-17T04:00:00Z,SALM,0.02
2020-07-16T04:00:00Z,SALM,0.02
2020-07-20T04:00:00Z,SALM,0.02
2020-09-14T04:00:00Z,SALM,0.02
2020-10-08T04:00:00Z,SALM,0.02
2021-02-10T05:00:00Z,SALM,0.02
2021-03-03T05:00:00Z,SALM,-0.0935484
2020-03-20T04:00:00Z,AL,0.02
2020-03-25T04:00:00Z,AL,0.02
2019-01-10T05:00:00Z,BW,0.02
2019-04-08T04:00:00Z,BW,0.02
2020-05-19T04:00:00Z,BW,-0.0855856
2020-08-28T04:00:00Z,REKR,0.02
2020-11-02T05:00:00Z,REKR,0.02
2020-03-16T04:00:00Z,FAS,0.02
2020-03-25T04:00:00Z,FAS,0.02
2019-02-26T05:00:00Z,MX,-0.130631
2021-04-05T04:00:00Z,MX,0.02
2020-11-11T05:00:00Z,AMPY,0.02
2020-03-20T04:00:00Z,SUN,0.02
2021-02-02T05:00:00Z,ICLK,0.02
2019-04-03T04:00:00Z,SGMO,0.02
2020-12-11T05:00:00Z,SGMO,0.02
2020-03-16T04:00:00Z,CTRA,0.02
2020-03-26T04:00:00Z,CTRA,0.02
2020-04-09T04:00:00Z,CTRA,0.02
2020-06-08T04:00:00Z,CTRA,0.02
2020-09-21T04:00:00Z,CTRA,0.02
2021-02-02T05:00:00Z,ALYA,0.02
2020-03-20T04:00:00Z,RCKT,0.02
2020-12-16T05:00:00Z,RCKT,-0.143147
2020-11-10T05:00:00Z,WBT,0.02
2021-04-28T04:00:00Z,WBT,-0.00487157
2020-03-16T04:00:00Z,GEL,0.02
2020-04-02T04:00:00Z,GEL,0.02
2019-06-21T04:00:00Z,FRSX,0.02
2019-07-01T04:00:00Z,FRSX,0.02
2020-05-05T04:00:00Z,FRSX,0.02
2020-11-24T05:00:00Z,FRSX,0.02
2020-12-23T05:00:00Z,FRSX,0.02
2020-12-24T05:00:00Z,FRSX,0.02
2021-01-14T05:00:00Z,FRSX,0.02
2021-01-20T05:00:00Z,FRSX,0.02
2021-03-02T05:00:00Z,FRSX,0.02
2021-05-24T04:00:00Z,FRSX,-0.125581
2018-06-14T04:00:00Z,ENPH,0.02
2019-05-02T04:00:00Z,ENPH,0.02
2019-08-01T04:00:00Z,ENPH,0.02
2020-02-20T05:00:00Z,ENPH,0.02
2020-03-20T04:00:00Z,NCR,0.02
2019-12-24T05:00:00Z,ITCI,0.02
2020-09-10T04:00:00Z,ITCI,0.02
2019-11-22T05:00:00Z,KNSA,0.02
2020-04-01T04:00:00Z,KNSA,0.02
2019-06-11T04:00:00Z,MHLD,0.02
2019-08-02T04:00:00Z,MHLD,0.02
2020-03-24T04:00:00Z,MHLD,0.02
2020-11-17T05:00:00Z,MHLD,0.02
2020-10-26T04:00:00Z,BUR,-0.121101
2020-05-19T04:00:00Z,APEI,-0.089317
2018-10-16T04:00:00Z,KRYS,0.02
2019-06-25T04:00:00Z,KRYS,0.02
2018-09-20T04:00:00Z,MTEM,0.02
2020-03-26T04:00:00Z,LIND,0.02
2020-11-10T05:00:00Z,LIND,0.02
2021-04-01T04:00:00Z,IVAC,0.02
2018-11-09T05:00:00Z,FLNT,0.02
2020-01-16T05:00:00Z,FLNT,0.02
2020-08-27T04:00:00Z,FLNT,0.02
2020-03-27T04:00:00Z,MTEX,0.02
2021-03-31T04:00:00Z,MTEX,0.02
2021-06-01T04:00:00Z,MTEX,0.02
2021-07-08T04:00:00Z,MTEX,0.02
2018-12-12T05:00:00Z,CORT,0.02
2020-09-03T04:00:00Z,CORT,0.02
2020-11-20T05:00:00Z,CORT,0.02
2018-09-04T04:00:00Z,BMA,0.02
2019-12-30T05:00:00Z,ORGS,0.02
2020-03-20T04:00:00Z,CASH,0.02
2020-10-30T04:00:00Z,CASH,0.02
2020-04-24T04:00:00Z,LBRT,0.02
2020-05-06T04:00:00Z,LBRT,-0.161616
2020-09-02T04:00:00Z,LBRT,0.02
2020-06-26T04:00:00Z,BYFC,-0.568539
2020-07-06T04:00:00Z,BYFC,0.02
2020-09-28T04:00:00Z,BYFC,0.02
2019-07-02T04:00:00Z,IEA,0.02
2019-08-15T04:00:00Z,IEA,0.02
2020-06-25T04:00:00Z,IEA,0.02
2020-09-28T04:00:00Z,IEA,0.02
2020-03-20T04:00:00Z,CHMG,-0.096875
2019-01-07T05:00:00Z,EPZM,0.02
2019-11-21T05:00:00Z,SURF,0.02
2020-01-17T05:00:00Z,SURF,0.02
2020-05-21T04:00:00Z,SURF,0.02
2020-05-22T04:00:00Z,SURF,0.02
2020-10-13T04:00:00Z,SURF,0.02
2018-09-18T04:00:00Z,XSPA,-0.35
2018-10-25T04:00:00Z,XSPA,0.02
2019-06-27T04:00:00Z,XSPA,0.02
2020-03-23T04:00:00Z,XSPA,0.02
2020-03-26T04:00:00Z,XSPA,0.02
2020-04-06T04:00:00Z,XSPA,0.02
2020-04-16T04:00:00Z,XSPA,0.02
2020-05-26T04:00:00Z,XSPA,0.02
2020-06-11T04:00:00Z,XSPA,0.02
2020-06-12T04:00:00Z,XSPA,0.02
2020-06-15T04:00:00Z,XSPA,0.02
2019-11-05T05:00:00Z,TUSK,0.02
2020-03-11T04:00:00Z,TUSK,0.02
2020-03-27T04:00:00Z,TUSK,-0.144433
2020-05-08T04:00:00Z,TUSK,0.02
2020-06-09T04:00:00Z,TUSK,0.02
2020-12-09T05:00:00Z,TUSK,0.02
2021-02-24T05:00:00Z,TUSK,0.02
2020-03-20T04:00:00Z,BYD,0.02
2019-11-20T05:00:00Z,MYOV,0.02
2020-06-02T04:00:00Z,MYOV,0.02
2020-03-20T04:00:00Z,ESGR,0.02
2020-03-18T04:00:00Z,OR,0.02
2019-09-23T04:00:00Z,CRC,-0.293038
2019-11-04T05:00:00Z,CRC,0.02
2020-04-24T04:00:00Z,CRC,0.02
2020-06-08T04:00:00Z,CRC,0.02
2020-06-09T04:00:00Z,CRC,0.02
2019-02-06T05:00:00Z,AMRS,0.02
2019-08-12T04:00:00Z,AMRS,0.02
2020-03-18T04:00:00Z,AMRS,0.02
2020-05-12T04:00:00Z,AMRS,0.02
2020-06-03T04:00:00Z,AMRS,0.02
2020-03-25T04:00:00Z,WHLRP,0.02
2019-10-07T04:00:00Z,ECOR,0.02
2020-03-20T04:00:00Z,ECOR,0.02
2020-03-31T04:00:00Z,ECOR,0.02
2020-04-13T04:00:00Z,ECOR,-0.1559
2020-04-20T04:00:00Z,ECOR,0.02
2020-06-08T04:00:00Z,ECOR,0.02
2020-07-14T04:00:00Z,ECOR,0.02
2020-08-03T04:00:00Z,ECOR,0.02
2021-01-22T05:00:00Z,ECOR,0.02
2020-03-20T04:00:00Z,LAUR,0.02
2020-12-14T05:00:00Z,EDIT,0.02
2020-12-28T05:00:00Z,EDIT,0.02
2021-01-20T05:00:00Z,BB,0.02
2021-01-26T05:00:00Z,BB,0.02
2021-01-28T05:00:00Z,BB,0.02
2021-06-03T04:00:00Z,BB,0.02
2019-08-07T04:00:00Z,ULTR,0.000898088
2019-02-07T05:00:00Z,EOLS,0.02
2021-02-25T05:00:00Z,EOLS,0.02
2020-03-20T04:00:00Z,CLMT,0.02
2020-04-13T04:00:00Z,CLMT,0.02
2020-03-25T04:00:00Z,MGM,0.02
2020-12-22T05:00:00Z,ATEX,0.02
2020-06-01T04:00:00Z,ZS,0.02
2020-12-08T05:00:00Z,ZS,0.02
2020-03-20T04:00:00Z,ADNT,0.02
2020-04-07T04:00:00Z,ADNT,0.02
2019-10-17T04:00:00Z,ASMB,0.02
2019-12-19T05:00:00Z,ASMB,-0.125106
2020-03-20T04:00:00Z,ORN,0.02
2021-02-08T05:00:00Z,TDC,0.02
2021-02-09T05:00:00Z,TDC,0.02
2021-04-23T04:00:00Z,TDC,0.02
2020-03-20T04:00:00Z,MEIP,0.02
2020-04-15T04:00:00Z,MEIP,0.02
2020-03-19T04:00:00Z,ESSA,0.02
2021-01-29T05:00:00Z,XM,0.02
2020-10-15T04:00:00Z,REPL,0.02
2020-03-26T04:00:00Z,SAH,0.02
2020-03-16T04:00:00Z,TQQQ,0.02
2020-11-10T05:00:00Z,DBI,0.02
2020-03-20T04:00:00Z,ATKR,0.02
2020-05-13T04:00:00Z,CBAY,0.02
2020-07-30T04:00:00Z,CBAY,-0.195402
2020-08-04T04:00:00Z,CBAY,0.02
2019-12-30T05:00:00Z,STCN,-0.135593
2021-01-20T05:00:00Z,STCN,0.02
2021-01-21T05:00:00Z,STCN,0.02
2019-01-16T05:00:00Z,ACET,0.02
2019-02-28T05:00:00Z,ACET,0.02
2019-03-06T05:00:00Z,ACET,0.02
2019-03-12T04:00:00Z,ACET,0.02
2019-06-07T04:00:00Z,LJPC,0.02
2019-06-14T04:00:00Z,LJPC,-0.217566
2020-01-10T05:00:00Z,LJPC,0.02
2020-01-22T05:00:00Z,LJPC,-0.0758294
2021-01-13T05:00:00Z,LJPC,0.02
2020-10-21T04:00:00Z,CIH,0.02
2019-12-04T05:00:00Z,CLXT,0.02
2020-03-20T04:00:00Z,CLXT,0.02
2021-01-20T05:00:00Z,CLXT,0.02
2021-07-15T04:00:00Z,CLXT,-0.189655
2020-03-25T04:00:00Z,FCX,0.02
2020-03-16T04:00:00Z,HLX,0.02
2020-04-13T04:00:00Z,HLX,0.02
2020-04-30T04:00:00Z,HLX,0.02
2020-07-24T04:00:00Z,HLX,0.02
2020-03-20T04:00:00Z,PARR,0.02
2019-08-07T04:00:00Z,NPTN,0.02
2019-09-09T04:00:00Z,STXS,0.02
2019-01-15T05:00:00Z,VHC,0.02
2019-01-16T05:00:00Z,VHC,0.02
2020-03-03T05:00:00Z,EXTN,0.02
2020-03-16T04:00:00Z,EXTN,0.02
2020-03-25T04:00:00Z,SABR,0.02
2020-03-25T04:00:00Z,SABR,0.02
2020-03-26T04:00:00Z,SABR,0.02
2020-04-07T04:00:00Z,SABR,0.02
2020-11-16T05:00:00Z,SABR,0.02
2020-03-25T04:00:00Z,SUM,0.02
2018-09-19T04:00:00Z,VKTX,0.02
2020-11-04T05:00:00Z,INSP,0.02
2020-03-20T04:00:00Z,PEB,0.02
2020-11-10T05:00:00Z,PEB,0.02
2021-06-10T04:00:00Z,GEO,0.02
2019-02-06T05:00:00Z,CODX,-0.180645
2019-07-22T04:00:00Z,CODX,0.02
2020-01-17T05:00:00Z,CODX,-0.186567
2020-01-24T05:00:00Z,CODX,0.02
2020-01-28T05:00:00Z,CODX,0.02
2020-02-11T05:00:00Z,CODX,0.02
2020-02-25T05:00:00Z,CODX,0.02
2020-02-27T05:00:00Z,CODX,0.02
2020-03-05T05:00:00Z,CODX,-0.344526
2020-03-03T05:00:00Z,CODX,0.02
2020-03-18T04:00:00Z,CODX,-0.327044
2020-04-13T04:00:00Z,CODX,0.02
2020-04-17T04:00:00Z,CODX,0.02
2020-05-14T04:00:00Z,CODX,0.02
2020-08-10T04:00:00Z,CODX,-0.181265
2020-09-09T04:00:00Z,CODX,0.02
2020-03-25T04:00:00Z,EQH,0.02
2020-03-16T04:00:00Z,BTU,0.02
2020-03-24T04:00:00Z,BTU,-0.20339
2020-05-11T04:00:00Z,BTU,0.02
2020-06-08T04:00:00Z,BTU,0.02
2020-12-10T05:00:00Z,BTU,0.02
2020-12-11T05:00:00Z,BTU,0.02
2020-12-31T05:00:00Z,BTU,0.02
2021-02-03T05:00:00Z,BTU,-0.0604752
2021-05-18T04:00:00Z,BTU,0.02
2019-05-13T04:00:00Z,CDLX,0.02
2019-11-14T05:00:00Z,CDLX,0.02
2020-03-25T04:00:00Z,CDLX,0.02
2020-04-07T04:00:00Z,CDLX,0.02
2020-03-25T04:00:00Z,LNC,0.02
2020-11-16T05:00:00Z,LNC,0.02
2019-01-11T05:00:00Z,RFL,0.02
2020-03-20T04:00:00Z,UAN,0.02
2020-03-23T04:00:00Z,FRGI,0.02
2020-05-11T04:00:00Z,FRGI,0.02
2020-08-07T04:00:00Z,FRGI,0.02
2020-03-18T04:00:00Z,WVE,0.02
2020-03-20T04:00:00Z,RHP,0.02
2020-03-25T04:00:00Z,RHP,0.02
2020-11-10T05:00:00Z,RHP,0.02
2020-03-16T04:00:00Z,TECL,0.02
2020-03-25T04:00:00Z,TECL,0.02
2020-04-14T04:00:00Z,TECL,0.02
2020-03-26T04:00:00Z,FLMN,0.02
2020-11-09T05:00:00Z,FLMN,0.02
2020-06-08T04:00:00Z,RIG,0.02
2020-06-15T04:00:00Z,RIG,-0.316109
2020-11-24T05:00:00Z,RIG,0.02
2021-01-28T05:00:00Z,RIG,0.02
2021-04-14T04:00:00Z,NVCR,0.02
2020-11-16T05:00:00Z,PRO,-0.000515597
2020-03-20T04:00:00Z,AUBN,0.02
2019-01-08T05:00:00Z,LINC,-0.0200669
2019-04-24T04:00:00Z,WWR,0.02
2019-10-16T04:00:00Z,WWR,0.02
2020-07-06T04:00:00Z,WWR,0.02
2020-09-29T04:00:00Z,WWR,0.02
2020-10-05T04:00:00Z,WWR,0.02
2020-10-06T04:00:00Z,WWR,0.02
2020-10-07T04:00:00Z,WWR,0.02
2020-11-18T05:00:00Z,WWR,0.02
2021-01-21T05:00:00Z,WWR,0.02
2019-09-23T04:00:00Z,WTI,-0.202037
2020-03-20T04:00:00Z,WTI,0.02
2020-11-10T05:00:00Z,LYFT,0.02
2019-08-28T04:00:00Z,WYY,-0.156627
2020-12-03T05:00:00Z,WYY,-0.24
2019-10-17T04:00:00Z,BNGO,0.02
2019-10-21T04:00:00Z,BNGO,0.02
2020-03-03T05:00:00Z,BNGO,0.02
2020-12-28T05:00:00Z,BNGO,0.02
2020-12-29T05:00:00Z,BNGO,0.02
2020-12-30T05:00:00Z,BNGO,0.02
2020-12-31T05:00:00Z,BNGO,0.02
2021-01-04T05:00:00Z,BNGO,0.02
2021-01-05T05:00:00Z,BNGO,0.02
2021-01-26T05:00:00Z,BNGO,0.02
2019-07-01T04:00:00Z,CDMO,0.02
2020-03-20T04:00:00Z,RES,0.02
2020-02-06T05:00:00Z,GHL,0.02
2020-03-23T04:00:00Z,APEN,0.02
2020-12-01T05:00:00Z,APEN,0.02
2021-03-02T05:00:00Z,APEN,0.02
2020-03-18T04:00:00Z,BVN,0.02
2021-02-01T05:00:00Z,ICCC,0.02
2021-02-16T05:00:00Z,HNNA,-0.141423
2020-12-01T05:00:00Z,MSTR,0.02
2021-02-09T05:00:00Z,MSTR,0.02
2021-07-27T04:00:00Z,MSTR,0.02
2020-11-16T05:00:00Z,NOV,0.02
2020-03-20T04:00:00Z,BKCC,0.02
2019-04-18T04:00:00Z,FRSH,0.00155521
2020-01-06T05:00:00Z,LPTX,0.02
2020-02-20T05:00:00Z,LPTX,0.02
2020-08-26T04:00:00Z,MDWD,0.02
2020-03-20T04:00:00Z,SKYW,0.02
2020-03-25T04:00:00Z,GTLS,0.02
2020-04-07T04:00:00Z,PLCE,0.02
2020-03-20T04:00:00Z,NAVI,0.02
2020-03-26T04:00:00Z,HAL,0.02
2018-08-07T04:00:00Z,PTGX,0.02
2019-12-05T05:00:00Z,PTGX,0.02
2020-05-11T04:00:00Z,PTGX,0.02
2021-02-26T05:00:00Z,VIOT,-0.452243
2020-03-19T04:00:00Z,TPC,0.02
2020-03-20T04:00:00Z,TPC,0.02
2020-05-08T04:00:00Z,TPC,0.02
2018-12-28T05:00:00Z,AVDL,0.02
2019-09-30T04:00:00Z,AVDL,-0.0672646
2020-02-24T05:00:00Z,AVDL,0.02
2020-03-20T04:00:00Z,AVDL,0.02
2018-06-26T04:00:00Z,REFR,0.02
2021-01-14T05:00:00Z,REFR,0.02
2020-03-11T04:00:00Z,NS,0.02
2020-03-25T04:00:00Z,LL,0.02
2020-07-15T04:00:00Z,LL,0.02
2020-01-15T05:00:00Z,DNLI,0.02
2020-08-07T04:00:00Z,DNLI,0.02
2020-04-02T04:00:00Z,BFST,-0.191837
2018-09-12T04:00:00Z,CIDM,0.02
2018-10-24T04:00:00Z,CIDM,0.02
2020-05-21T04:00:00Z,CIDM,0.02
2020-06-04T04:00:00Z,CIDM,0.02
2020-06-08T04:00:00Z,CIDM,0.02
2020-09-14T04:00:00Z,CIDM,0.02
2021-01-20T05:00:00Z,CIDM,0.02
2021-07-16T04:00:00Z,CIDM,0.02
2020-03-20T04:00:00Z,DXC,0.02
2020-03-25T04:00:00Z,DXC,0.02
2020-06-17T04:00:00Z,RPRX,0.02
2018-08-10T04:00:00Z,UEIC,-0.055991
2019-08-15T04:00:00Z,XNET,0.02
2019-10-28T04:00:00Z,XNET,0.02
2021-01-14T05:00:00Z,XNET,-0.341709
2021-02-17T05:00:00Z,XNET,0.02
2020-03-25T04:00:00Z,HOG,0.02
2020-05-12T04:00:00Z,CYTK,0.02
2021-07-20T04:00:00Z,CYTK,0.02
2020-04-17T04:00:00Z,DNN,0.02
2021-02-17T05:00:00Z,DNN,0.02
2020-03-20T04:00:00Z,ZDGE,-0.267783
2020-10-26T04:00:00Z,ZDGE,0.02
2021-02-09T05:00:00Z,ZDGE,0.02
2018-06-18T04:00:00Z,AMEH,0.02
2018-06-25T04:00:00Z,AMEH,0.02
2021-01-11T05:00:00Z,GRTS,0.02
2021-01-20T05:00:00Z,GRTS,0.02
2020-03-24T04:00:00Z,HTZ,0.02
2020-05-28T04:00:00Z,HTZ,0.02
2020-06-05T04:00:00Z,HTZ,0.02
2020-06-08T04:00:00Z,HTZ,0.02
2020-06-09T04:00:00Z,HTZ,0.02
2020-06-15T04:00:00Z,HTZ,0.02
2020-06-25T04:00:00Z,HTZ,0.02
2020-10-19T04:00:00Z,HTZ,0.02
2020-03-20T04:00:00Z,MIC,0.02
2020-03-25T04:00:00Z,MIC,0.02
2020-07-31T04:00:00Z,SAM,-0.0245652
2020-03-25T04:00:00Z,SAVE,0.02
2020-01-15T05:00:00Z,SMCI,0.02
2018-07-03T04:00:00Z,ACHV,-0.284
2018-09-28T04:00:00Z,ACHV,0.02
2019-03-01T05:00:00Z,ACHV,-0.188742
2019-12-16T05:00:00Z,ACHV,0.02
2020-07-22T04:00:00Z,ACHV,0.02
2020-08-07T04:00:00Z,ACHV,-0.155265
2019-11-11T05:00:00Z,SCOR,0.02
2019-01-23T05:00:00Z,BSQR,-0.133333
2020-11-16T05:00:00Z,BSQR,0.02
2021-02-08T05:00:00Z,BSQR,0.02
2021-02-09T05:00:00Z,BSQR,0.02
2021-02-10T05:00:00Z,BSQR,0.02
2021-03-18T04:00:00Z,BSQR,0.02
2021-07-06T04:00:00Z,BSQR,0.02
2021-07-07T04:00:00Z,BSQR,0.02
2019-01-10T05:00:00Z,TCMD,0.02
2020-03-17T04:00:00Z,TK,-0.162338
2020-03-27T04:00:00Z,ARR,0.02
2020-03-27T04:00:00Z,CIM,0.02
2020-03-25T04:00:00Z,VRCA,0.02
2019-06-19T04:00:00Z,MGI,0.02
2020-06-04T04:00:00Z,MGI,0.02
2020-03-20T04:00:00Z,AGS,0.02
2020-03-25T04:00:00Z,AGS,0.02
2020-04-13T04:00:00Z,AGS,0.02
2020-03-25T04:00:00Z,AEL,0.02
2020-10-02T04:00:00Z,AEL,0.02
2020-03-20T04:00:00Z,OSUR,0.02
2020-07-09T04:00:00Z,AXGN,-0.0747899
2020-03-20T04:00:00Z,FDUS,0.02
2020-03-25T04:00:00Z,FDUS,0.02
2020-03-20T04:00:00Z,FLR,0.02
2020-04-30T04:00:00Z,NR,0.02
2020-05-20T04:00:00Z,NR,0.02
2021-03-01T05:00:00Z,BCAC,-0.0525822
2020-03-31T04:00:00Z,LAZY,-0.176
2020-02-13T05:00:00Z,NE,0.02
2020-04-24T04:00:00Z,NE,0.02
2020-06-08T04:00:00Z,NE,0.02
2020-06-09T04:00:00Z,NE,0.02
2020-06-15T04:00:00Z,NE,0.02
2021-05-11T04:00:00Z,TGLS,0.02
2020-03-20T04:00:00Z,FNCB,-0.205517
2020-03-26T04:00:00Z,FNCB,0.02
2020-04-30T04:00:00Z,FNCB,0.02
2020-02-03T05:00:00Z,SNDX,0.02
2020-04-29T04:00:00Z,SNDX,0.02
2020-12-16T05:00:00Z,SRTS,0.02
2020-11-27T05:00:00Z,APPN,0.02
2018-09-06T04:00:00Z,PRQR,0.02
2021-03-26T04:00:00Z,PRQR,0.02
2020-03-26T04:00:00Z,TPVG,-0.193627
2019-02-11T05:00:00Z,EGAN,0.02
2020-06-30T04:00:00Z,LCA,0.02
2020-03-16T04:00:00Z,BRZU,0.02
2020-03-25T04:00:00Z,BRZU,0.02
2018-07-12T04:00:00Z,BIOC,0.02
2018-12-26T05:00:00Z,BIOC,-0.162688
2019-01-15T05:00:00Z,BIOC,0.02
2019-01-17T05:00:00Z,BIOC,0.02
2019-01-18T05:00:00Z,BIOC,0.02
2019-03-15T04:00:00Z,BIOC,0.02
2019-05-21T04:00:00Z,BIOC,0.02
2020-03-04T05:00:00Z,BIOC,0.02
2020-03-05T05:00:00Z,BIOC,0.02
2020-04-13T04:00:00Z,BIOC,0.02
2020-04-20T04:00:00Z,BIOC,-0.105155
2020-06-16T04:00:00Z,BIOC,0.02
2020-06-19T04:00:00Z,BIOC,0.02
2020-08-10T04:00:00Z,BIOC,0.02
2020-05-18T04:00:00Z,JMIA,-0.344262
2020-07-09T04:00:00Z,JMIA,0.02
2020-08-04T04:00:00Z,JMIA,0.02
2020-03-20T04:00:00Z,GPI,0.02
2020-04-07T04:00:00Z,BNED,0.02
2020-04-13T04:00:00Z,BNED,0.02
2020-07-17T04:00:00Z,BNED,0.02
2020-07-17T04:00:00Z,BNED,0.02
2020-11-10T05:00:00Z,REG,0.02
2020-09-09T04:00:00Z,ALBO,0.02
2020-12-23T05:00:00Z,SPWH,0.02
2020-04-29T04:00:00Z,KURA,0.02
2020-10-16T04:00:00Z,VOXX,0.02
2021-01-20T05:00:00Z,VOXX,-0.0432387
2018-10-11T04:00:00Z,IDT,0.02
2020-10-05T04:00:00Z,IDT,0.02
2020-11-24T05:00:00Z,IDT,0.02
2019-07-31T04:00:00Z,NBR,0.02
2020-03-18T04:00:00Z,NBR,0.02
2020-03-25T04:00:00Z,NBR,0.02
2020-04-20T04:00:00Z,WOW,0.02
2019-09-23T04:00:00Z,WLL,-0.131387
2020-03-16T04:00:00Z,WLL,0.02
2020-03-20T04:00:00Z,WLL,0.02
2020-04-23T04:00:00Z,WLL,0.02
2020-04-24T04:00:00Z,WLL,0.02
2020-06-08T04:00:00Z,WLL,0.02
2020-06-09T04:00:00Z,WLL,0.02
2020-08-05T04:00:00Z,WLL,0.02
2020-09-03T04:00:00Z,WLL,0.02
2020-03-16T04:00:00Z,UDOW,0.02
2020-03-25T04:00:00Z,UDOW,0.02
2020-11-25T05:00:00Z,TRVG,0.02
2021-01-28T05:00:00Z,TRVG,0.02
2020-03-20T04:00:00Z,CTRE,0.02
2020-03-20T04:00:00Z,TRTX,0.02
2020-03-27T04:00:00Z,TRTX,0.02
2020-04-08T04:00:00Z,TRTX,0.02
2020-04-14T04:00:00Z,TRTX,0.02
2020-03-20T04:00:00Z,PLAY,0.02
2020-03-24T04:00:00Z,PLAY,0.02
2020-03-25T04:00:00Z,PLAY,0.02
2020-11-10T05:00:00Z,PLAY,0.02
2020-04-09T04:00:00Z,NLY,0.02
2018-12-13T05:00:00Z,LX,0.02
2020-03-18T04:00:00Z,NG,0.02
2020-11-10T05:00:00Z,AKR,0.02
2021-02-05T05:00:00Z,AIM,0.02
2020-06-09T04:00:00Z,AEY,0.02
2020-10-19T04:00:00Z,MSN,0.02
2020-11-24T05:00:00Z,MSN,0.02
2021-01-28T05:00:00Z,MSN,0.02
2019-04-16T04:00:00Z,VEC,0.02
2019-08-12T04:00:00Z,CUTR,0.02
2018-11-16T05:00:00Z,QURE,0.02
2019-03-01T05:00:00Z,QURE,0.02
2020-03-20T04:00:00Z,MPB,-0.0827103
2018-12-04T05:00:00Z,VNDA,0.02
2019-08-02T04:00:00Z,VNDA,0.02
2020-06-03T04:00:00Z,MREO,0.02
2020-06-05T04:00:00Z,MREO,0.02
2020-12-21T05:00:00Z,MREO,0.02
2019-12-27T05:00:00Z,LQDA,0.02
2020-03-26T04:00:00Z,APO,0.02
2018-12-27T05:00:00Z,CHK,0.02
2020-03-16T04:00:00Z,CHK,0.02
2020-03-20T04:00:00Z,BJRI,0.02
2020-03-25T04:00:00Z,BJRI,0.02
2019-03-12T04:00:00Z,YTRA,0.02
2020-03-27T04:00:00Z,ACHC,0.02
2019-01-30T05:00:00Z,TGI,0.02
2020-03-20T04:00:00Z,TGI,0.02
2020-04-02T04:00:00Z,TGI,-0.355082
2020-05-28T04:00:00Z,TGI,0.02
2020-06-15T04:00:00Z,TGI,0.02
2020-03-25T04:00:00Z,LAMR,0.02
2020-03-25T04:00:00Z,JBLU,0.02
2020-06-10T04:00:00Z,SBT,0.02
2020-03-25T04:00:00Z,RUTH,0.02
2020-03-20T04:00:00Z,CEM,0.02
2020-03-23T04:00:00Z,CEM,0.02
2020-11-10T05:00:00Z,ESRT,0.02
2018-12-20T05:00:00Z,EVLV,0.02
2019-05-06T04:00:00Z,EVLV,0.02
2020-03-23T04:00:00Z,CPSS,0.02
2020-04-17T04:00:00Z,CPSS,0.02
2020-10-15T04:00:00Z,CPSS,-0.0297872
2020-08-05T04:00:00Z,IRTC,0.02
2021-02-09T05:00:00Z,MRKR,0.02
2021-03-22T04:00:00Z,MRKR,0.02
2020-10-08T04:00:00Z,XPL,0.02
2021-05-07T04:00:00Z,FSBC,0.02
2019-01-04T05:00:00Z,WHLR,0.02
2019-01-29T05:00:00Z,WHLR,0.02
2020-05-15T04:00:00Z,WHLR,0.02
2021-02-08T05:00:00Z,WHLR,0.02
2020-03-26T04:00:00Z,BXMT,0.02
2020-03-27T04:00:00Z,BXMT,0.02
2020-06-09T04:00:00Z,FOSL,0.02
2021-01-28T05:00:00Z,FOSL,0.02
2020-11-06T05:00:00Z,TH,0.02
2021-03-29T04:00:00Z,TH,0.02
2018-08-07T04:00:00Z,MEDP,-0.0822878
2019-05-10T04:00:00Z,FCEL,0.02
2019-06-13T04:00:00Z,FCEL,0.02
2019-07-02T04:00:00Z,FCEL,0.02
2019-07-03T04:00:00Z,FCEL,0.02
2019-07-05T04:00:00Z,FCEL,0.02
2019-07-11T04:00:00Z,FCEL,0.02
2019-11-07T05:00:00Z,FCEL,0.02
2019-11-14T05:00:00Z,FCEL,0.02
2019-12-13T05:00:00Z,FCEL,0.02
2019-12-27T05:00:00Z,FCEL,0.02
2019-12-31T05:00:00Z,FCEL,0.02
2020-01-02T05:00:00Z,FCEL,0.02
2020-03-18T04:00:00Z,FCEL,0.02
2020-06-12T04:00:00Z,FCEL,0.02
2020-11-17T05:00:00Z,FCEL,0.02
2020-11-24T05:00:00Z,FCEL,0.02
2020-03-20T04:00:00Z,AI,0.02
2020-03-26T04:00:00Z,AI,0.02
2020-03-27T04:00:00Z,AI,0.02
2020-12-11T05:00:00Z,AI,0.02
2020-03-24T04:00:00Z,BE,0.02
2020-03-25T04:00:00Z,BE,0.02
2020-07-01T04:00:00Z,BE,0.02
2020-07-16T04:00:00Z,BE,0.02
2020-03-20T04:00:00Z,ATRA,0.02
2020-05-21T04:00:00Z,ATRA,0.02
2020-02-12T05:00:00Z,S,0.02
2020-03-18T04:00:00Z,CWCO,0.02
2020-04-01T04:00:00Z,HBB,-0.200573
2020-07-27T04:00:00Z,HBB,0.02
2020-03-18T04:00:00Z,AMRC,0.02
2020-11-27T05:00:00Z,SONO,-0.0143852
2018-06-05T04:00:00Z,DCPH,0.02
2019-08-14T04:00:00Z,DCPH,0.02
2020-11-10T05:00:00Z,PGRE,0.02
2019-09-10T04:00:00Z,CDTX,-0.131356
2021-01-06T05:00:00Z,IMMR,-0.103981
2020-03-24T04:00:00Z,ESQ,-0.195109
2020-04-30T04:00:00Z,CVEO,0.02
2019-05-21T04:00:00Z,NSEC,-0.238628
2020-03-17T04:00:00Z,NSEC,0.02
2020-03-25T04:00:00Z,BECN,0.02
2020-03-20T04:00:00Z,SLRC,0.02
2020-03-25T04:00:00Z,ARKR,0.02
2020-11-30T05:00:00Z,RAIL,0.02
2020-12-17T05:00:00Z,RAIL,-0.196825
2021-04-01T04:00:00Z,RAIL,0.02
2021-04-26T04:00:00Z,RAIL,0.02
2020-11-10T05:00:00Z,ROIC,0.02
2021-01-20T05:00:00Z,AIRG,0.02
2020-11-19T05:00:00Z,BLU,0.02
2021-02-08T05:00:00Z,BILL,0.02
2020-01-27T05:00:00Z,NVAX,0.02
2020-02-28T05:00:00Z,NVAX,0.02
2020-03-06T05:00:00Z,NVAX,0.02
2020-03-18T04:00:00Z,NVAX,0.02
2020-05-13T04:00:00Z,NVAX,0.02
2020-05-19T04:00:00Z,NVAX,0.02
2020-07-13T04:00:00Z,NVAX,0.02
2021-02-01T05:00:00Z,NVAX,0.02
2020-02-07T05:00:00Z,UIS,0.02
2019-11-21T05:00:00Z,ARAV,0.02
2019-09-23T04:00:00Z,CDEV,-0.131119
2020-03-20T04:00:00Z,CDEV,0.02
2020-04-23T04:00:00Z,CDEV,0.02
2020-04-24T04:00:00Z,CDEV,0.02
2020-04-30T04:00:00Z,CDEV,0.02
2020-06-08T04:00:00Z,CDEV,0.02
2020-06-15T04:00:00Z,CDEV,-0.331658
2020-01-31T05:00:00Z,LEE,0.02
2020-03-18T04:00:00Z,COUP,0.02
2021-02-04T05:00:00Z,DCOM,0.02
2019-12-03T05:00:00Z,ORMP,0.02
2020-12-04T05:00:00Z,ORMP,-0.247292
2020-05-04T04:00:00Z,PLL,-0.10158
2020-09-29T04:00:00Z,PLL,0.02
2020-10-06T04:00:00Z,PLL,0.02
2020-03-20T04:00:00Z,USFD,0.02
2020-11-10T05:00:00Z,USFD,0.02
2020-03-20T04:00:00Z,BGSF,0.02
2020-03-20T04:00:00Z,PENN,0.02
2020-03-23T04:00:00Z,PENN,0.02
2020-03-25T04:00:00Z,PENN,0.02
2020-03-27T04:00:00Z,GTIM,0.02
2020-08-20T04:00:00Z,GTIM,0.02
2020-01-08T05:00:00Z,APLS,0.02
2019-02-20T05:00:00Z,ARTW,0.02
2020-06-15T04:00:00Z,ARTW,0.02
2020-06-18T04:00:00Z,ARTW,0.02
2020-05-07T04:00:00Z,LPSN,0.02
2020-04-23T04:00:00Z,SNAP,0.02
2020-10-22T04:00:00Z,SNAP,0.02
2020-03-16T04:00:00Z,SSL,0.02
2020-03-30T04:00:00Z,SSL,0.02
2020-04-08T04:00:00Z,SSL,0.02
2020-11-16T05:00:00Z,SSL,0.0097629
2020-03-20T04:00:00Z,AMC,0.02
2020-04-07T04:00:00Z,AMC,0.02
2020-04-20T04:00:00Z,AMC,0.02
2020-05-06T04:00:00Z,AMC,-0.222222
2020-05-18T04:00:00Z,AMC,-0.181976
2020-11-16T05:00:00Z,AMC,-0.226368
2021-01-22T05:00:00Z,AMC,0.02
2021-01-26T05:00:00Z,AMC,0.02
2021-01-28T05:00:00Z,AMC,0.02
2021-02-05T05:00:00Z,AMC,-0.604058
2021-03-18T04:00:00Z,AMC,0.02
2021-05-28T04:00:00Z,AMC,0.02
2021-06-03T04:00:00Z,AMC,0.02
2018-09-05T04:00:00Z,MNKD,0.02
2021-02-10T05:00:00Z,MNKD,-0.0829187
2020-11-10T05:00:00Z,HA,0.02
2020-03-24T04:00:00Z,UBFO,-0.107856
2020-07-20T04:00:00Z,EQ,-0.282483
2020-11-18T05:00:00Z,EQ,-0.118852
2021-01-06T05:00:00Z,EQ,-0.117133
2020-03-16T04:00:00Z,XERS,0.02
2020-05-26T04:00:00Z,XERS,0.02
2020-03-16T04:00:00Z,MRUS,0.02
2021-01-12T05:00:00Z,MRUS,0.02
2020-03-25T04:00:00Z,TMHC,0.02
2020-03-11T04:00:00Z,CLR,0.02
2021-08-03T04:00:00Z,ATCX,0.02
2020-03-20T04:00:00Z,PFGC,0.02
2018-08-06T04:00:00Z,PXLW,0.02
2020-03-18T04:00:00Z,AXU,0.02
2020-03-25T04:00:00Z,STKS,0.02
2020-04-30T04:00:00Z,STKS,0.02
2020-04-07T04:00:00Z,CROX,0.02
2020-03-25T04:00:00Z,ECPG,0.02
2020-05-11T04:00:00Z,ECPG,0.02
2019-04-02T04:00:00Z,LTRX,-0.0664653
2020-04-09T04:00:00Z,LTRX,0.02
2020-03-25T04:00:00Z,DENN,0.02
2020-11-16T05:00:00Z,DENN,-0.0954323
2021-04-09T04:00:00Z,ESTE,-0.190848
2020-03-31T04:00:00Z,STIM,0.02
2020-07-16T04:00:00Z,STIM,0.02
2020-03-25T04:00:00Z,HRI,0.02
2020-07-29T04:00:00Z,KODK,0.02
2020-07-30T04:00:00Z,KODK,0.02
2020-09-17T04:00:00Z,KODK,0.02
2020-09-18T04:00:00Z,KODK,0.02
2020-12-14T05:00:00Z,KODK,-0.263678
2021-02-03T05:00:00Z,KODK,0.02
2021-06-15T04:00:00Z,KODK,-0.150434
2020-03-26T04:00:00Z,ATNI,-0.0986971
2020-04-24T04:00:00Z,NESR,0.02
2019-06-25T04:00:00Z,NERV,0.02
2021-01-26T05:00:00Z,NERV,0.02
2021-01-06T05:00:00Z,ATOM,0.02
2018-10-12T04:00:00Z,SGH,-0.0264802
2020-03-25T04:00:00Z,TNA,0.02
2020-03-20T04:00:00Z,MCS,0.02
2020-11-16T05:00:00Z,MCS,-0.0827465
2018-07-18T04:00:00Z,RIOT,0.02
2018-07-25T04:00:00Z,RIOT,0.02
2019-02-15T05:00:00Z,RIOT,0.02
2019-02-20T05:00:00Z,RIOT,0.02
2020-08-04T04:00:00Z,RIOT,0.02
2020-11-20T05:00:00Z,RIOT,0.02
2020-12-01T05:00:00Z,RIOT,0.02
2020-12-28T05:00:00Z,RIOT,0.02
2021-02-09T05:00:00Z,RIOT,0.02
2021-02-18T05:00:00Z,RIOT,0.02
2021-03-10T05:00:00Z,RIOT,0.02
2020-03-25T04:00:00Z,DIN,0.02
2020-04-07T04:00:00Z,DIN,0.02
2020-08-27T04:00:00Z,CYRX,0.02
2020-02-18T05:00:00Z,PAVM,0.02
2021-02-17T05:00:00Z,PAVM,0.02
2020-07-06T04:00:00Z,ACI,-0.0251256
2020-01-17T05:00:00Z,IRIX,0.02
2020-06-03T04:00:00Z,IRIX,0.02
2021-01-13T05:00:00Z,IRIX,0.02
2020-04-17T04:00:00Z,VAL,-0.52117
2020-04-30T04:00:00Z,VAL,-0.217354
2020-06-08T04:00:00Z,VAL,0.02
2020-06-09T04:00:00Z,VAL,0.02
2021-05-10T04:00:00Z,VAL,-0.0756303
2020-03-20T04:00:00Z,HFFG,0.02
2020-06-09T04:00:00Z,HFFG,0.02
2021-05-12T04:00:00Z,HFFG,0.02
2020-05-19T04:00:00Z,AZUL,0.02
2020-06-09T04:00:00Z,AZUL,0.02
2020-05-12T04:00:00Z,KOPN,0.02
2020-12-22T05:00:00Z,KOPN,0.02
2021-02-03T05:00:00Z,KOPN,0.02
2021-02-17T05:00:00Z,KOPN,0.02
2018-06-19T04:00:00Z,PTCT,0.02
2020-03-16T04:00:00Z,PBF,0.02
2020-11-16T05:00:00Z,PBF,0.02
2021-01-28T05:00:00Z,PBF,0.02
2020-03-19T04:00:00Z,BPRN,0.02
2019-03-22T04:00:00Z,TPHS,-0.0888383
2020-03-26T04:00:00Z,TPHS,0.02
2020-03-20T04:00:00Z,GCO,0.02
2020-03-25T04:00:00Z,GCO,0.02
2018-06-19T04:00:00Z,VSTM,0.02
2019-06-18T04:00:00Z,VSTM,0.02
2020-01-09T05:00:00Z,VSTM,0.02
2020-03-02T05:00:00Z,VSTM,0.02
2020-03-11T04:00:00Z,WES,0.02
2019-11-22T05:00:00Z,XXII,0.02
2019-12-18T05:00:00Z,XXII,0.02
2021-04-26T04:00:00Z,XXII,0.02
2020-07-08T04:00:00Z,HIMX,-0.136364
2020-04-22T04:00:00Z,SBOW,0.02
2020-04-23T04:00:00Z,SBOW,0.02
2020-03-26T04:00:00Z,ARLP,-0.293785
2020-06-15T04:00:00Z,ARLP,-0.256513
2020-04-09T04:00:00Z,SGRY,0.02
2020-04-20T04:00:00Z,SGRY,0.02
2019-10-07T04:00:00Z,RNG,0.02
2020-07-07T04:00:00Z,YINN,0.02
2020-03-24T04:00:00Z,CZNC,-0.0690661
2019-07-03T04:00:00Z,HIVE,-0.0045045
2019-06-21T04:00:00Z,LWAY,0.02
2020-03-20T04:00:00Z,LWAY,0.02
2020-04-16T04:00:00Z,LWAY,0.02
2018-08-02T04:00:00Z,CMLS,0.02
2020-03-16T04:00:00Z,CMLS,0.02
2020-03-26T04:00:00Z,CMLS,0.02
2020-05-27T04:00:00Z,CMLS,0.02
2020-06-08T04:00:00Z,CMLS,0.02
2020-03-31T04:00:00Z,NVEC,-0.13095
2020-08-12T04:00:00Z,ALIM,-0.1266
2020-03-27T04:00:00Z,NRZ,0.02
2020-04-09T04:00:00Z,NRZ,0.02
2020-02-20T05:00:00Z,RCUS,0.02
2020-04-17T04:00:00Z,RCUS,0.02
2019-02-15T05:00:00Z,IVC,0.02
2019-08-07T04:00:00Z,IVC,0.02
2019-11-14T05:00:00Z,IVC,-0.0981098
2020-03-25T04:00:00Z,IVC,0.02
2019-12-09T05:00:00Z,KLXE,0.02
2020-03-16T04:00:00Z,KLXE,0.02
2020-04-09T04:00:00Z,KLXE,0.02
2020-04-24T04:00:00Z,KLXE,0.02
2020-03-23T04:00:00Z,PRTY,0.02
2020-04-08T04:00:00Z,PRTY,0.02
2020-05-07T04:00:00Z,PRTY,-0.247225
2020-05-27T04:00:00Z,PRTY,0.02
2020-06-01T04:00:00Z,PRTY,0.02
2020-06-09T04:00:00Z,PRTY,0.02
2020-08-21T04:00:00Z,PRTY,-0.245283
2020-07-13T04:00:00Z,GSAT,-0.20911
2021-01-12T05:00:00Z,GSAT,0.02
2021-01-13T05:00:00Z,GSAT,0.02
2021-01-21T05:00:00Z,GSAT,0.02
2021-02-17T05:00:00Z,GSAT,-0.137584
2021-05-03T04:00:00Z,GSAT,-0.230769
2021-01-06T05:00:00Z,DMTK,0.02
2021-02-12T05:00:00Z,DMTK,0.02
2020-03-16T04:00:00Z,CONN,0.02
2020-03-20T04:00:00Z,CONN,0.02
2018-08-06T04:00:00Z,DXCM,0.02
2019-11-08T05:00:00Z,DXCM,0.02
2020-03-18T04:00:00Z,VSTO,0.02
2020-05-06T04:00:00Z,CHGG,0.02
2020-03-25T04:00:00Z,HIBB,0.02
2018-06-25T04:00:00Z,HRTX,0.02
2018-06-13T04:00:00Z,GLMD,0.02
2019-12-03T05:00:00Z,GLMD,0.02
2020-06-17T04:00:00Z,IQ,0.02
2021-01-08T05:00:00Z,SSYS,0.02
2020-04-07T04:00:00Z,MXL,0.02
2020-03-20T04:00:00Z,CGBD,0.02
2020-04-27T04:00:00Z,CGBD,0.02
2019-01-25T05:00:00Z,KZIA,0.02
2019-11-27T05:00:00Z,KZIA,-0.364865
2020-08-10T04:00:00Z,KZIA,0.02
2020-11-16T05:00:00Z,KZIA,0.02
2020-11-19T05:00:00Z,KZIA,0.02
2020-05-19T04:00:00Z,YCBD,0.02
2020-10-16T04:00:00Z,YCBD,-0.104
2020-03-18T04:00:00Z,XNCR,0.02
2020-03-20T04:00:00Z,RLGY,0.02
2019-12-13T05:00:00Z,ASRT,0.02
2020-02-14T05:00:00Z,ASRT,-0.118421
2020-03-12T04:00:00Z,ASRT,0.02
2021-05-19T04:00:00Z,ASRT,0.02
2020-04-02T04:00:00Z,EARN,-0.290625
2020-04-09T04:00:00Z,EARN,0.02
2019-10-30T04:00:00Z,AAC,-0.304348
2020-03-20T04:00:00Z,MITT,0.02
2020-03-27T04:00:00Z,MITT,0.02
2020-04-09T04:00:00Z,MITT,0.02
2020-06-08T04:00:00Z,MITT,0.02
2020-06-09T04:00:00Z,MITT,0.02
2021-01-27T05:00:00Z,MITT,0.02
2021-07-26T04:00:00Z,MITT,0.02
2020-06-05T04:00:00Z,SMHI,0.02
2020-06-08T04:00:00Z,SMHI,0.02
2020-06-09T04:00:00Z,SMHI,0.02
2020-06-08T04:00:00Z,OXY,0.02
2020-12-07T05:00:00Z,PD,0.02
2018-07-02T04:00:00Z,FRD,0.02
2018-06-08T04:00:00Z,TOPS,0.02
2018-10-23T04:00:00Z,TOPS,0.02
2020-03-30T04:00:00Z,TOPS,0.02
2020-03-31T04:00:00Z,TOPS,0.02
2020-04-07T04:00:00Z,TOPS,0.02
2020-04-08T04:00:00Z,TOPS,0.02
2020-06-08T04:00:00Z,TOPS,0.02
2020-08-17T04:00:00Z,TOPS,-0.218391
2020-08-21T04:00:00Z,TOPS,0.02
2020-12-07T05:00:00Z,TOPS,0.02
2021-02-16T05:00:00Z,TOPS,0.02
2020-03-19T04:00:00Z,NKSH,0.02
2018-08-02T04:00:00Z,TCS,0.02
2020-07-09T04:00:00Z,TCS,0.02
2020-10-02T04:00:00Z,TCS,0.02
2019-01-07T05:00:00Z,CLDX,0.02
2020-02-28T05:00:00Z,CLDX,-0.143322
2020-06-11T04:00:00Z,CLDX,0.02
2020-06-12T04:00:00Z,CLDX,0.02
2020-06-16T04:00:00Z,CLDX,0.02
2020-06-22T04:00:00Z,CLDX,0.02
2021-07-13T04:00:00Z,CLDX,0.02
2020-04-08T04:00:00Z,CEMI,0.02
2020-04-16T04:00:00Z,CEMI,0.02
2020-04-17T04:00:00Z,CEMI,0.02
2020-07-09T04:00:00Z,CEMI,0.02
2021-04-12T04:00:00Z,CEMI,-0.244141
2021-07-22T04:00:00Z,CEMI,0.02
2021-07-28T04:00:00Z,TAL,0.02
2019-04-18T04:00:00Z,SFY,-0.00289424
2018-10-02T04:00:00Z,ATLC,0.02
2020-03-25T04:00:00Z,ATLC,0.02
2020-03-26T04:00:00Z,ATLC,0.02
2018-07-27T04:00:00Z,CRMD,0.02
2018-08-06T04:00:00Z,CRMD,-0.123188
2018-10-01T04:00:00Z,CRMD,0.02
2021-02-03T05:00:00Z,CRMD,0.02
2020-04-14T04:00:00Z,NNBR,0.02
2020-04-28T04:00:00Z,NNBR,0.02
2020-05-06T04:00:00Z,NNBR,-0.32398
2020-07-01T04:00:00Z,QUMU,0.02
2020-07-14T04:00:00Z,DWSN,0.02
2021-01-06T05:00:00Z,DWSN,0.02
2020-11-09T05:00:00Z,MOD,0.02
2019-09-12T04:00:00Z,CBL,0.02
2020-03-20T04:00:00Z,CBL,0.02
2020-05-04T04:00:00Z,CBL,-0.365526
2020-05-29T04:00:00Z,CBL,0.02
2020-06-08T04:00:00Z,CBL,0.02
2020-06-23T04:00:00Z,CBL,0.02
2020-08-20T04:00:00Z,CBL,0.02
2018-08-28T04:00:00Z,GERN,0.02
2021-06-25T04:00:00Z,GERN,-0.172222
2020-04-07T04:00:00Z,GIII,0.02
2021-05-06T04:00:00Z,STEM,-0.24153
2020-07-14T04:00:00Z,INMB,0.02
2020-07-15T04:00:00Z,INMB,0.02
2020-07-21T04:00:00Z,INMB,0.02
2021-04-23T04:00:00Z,INMB,-0.131541
2020-03-16T04:00:00Z,CNX,0.02
2018-07-25T04:00:00Z,AWX,0.02
2018-07-26T04:00:00Z,AWX,0.02
2018-07-27T04:00:00Z,AWX,0.02
2018-07-30T04:00:00Z,AWX,0.02
2018-08-13T04:00:00Z,AWX,0.02
2020-06-15T04:00:00Z,AWX,0.02
2020-09-30T04:00:00Z,AWX,0.02
2020-12-29T05:00:00Z,AWX,0.02
2021-02-22T05:00:00Z,AXTI,0.02
2019-04-01T04:00:00Z,AVYA,-0.0255682
2019-10-07T04:00:00Z,AVYA,0.02
2020-03-16T04:00:00Z,AVYA,0.02
2020-04-21T04:00:00Z,CMT,0.02
2020-05-12T04:00:00Z,CMT,0.02
2020-05-20T04:00:00Z,RM,0.02
2020-03-20T04:00:00Z,STRS,0.02
2020-04-20T04:00:00Z,STRS,0.02
2020-10-02T04:00:00Z,EXPR,0.02
2020-11-10T05:00:00Z,EXPR,0.02
2021-01-25T05:00:00Z,EXPR,0.02
2021-01-26T05:00:00Z,EXPR,0.02
2021-02-03T05:00:00Z,EXPR,-0.6
2021-02-05T05:00:00Z,EXPR,-0.453913
2021-02-25T05:00:00Z,EXPR,0.02
2021-03-09T05:00:00Z,EXPR,0.02
2021-05-27T04:00:00Z,EXPR,0.02
2021-06-03T04:00:00Z,EXPR,0.02
2019-02-14T05:00:00Z,LSCC,0.02
2020-03-16T04:00:00Z,CVI,0.02
2020-11-16T05:00:00Z,CVI,0.02
2020-03-24T04:00:00Z,HT,0.02
2020-03-26T04:00:00Z,HT,0.02
2020-04-14T04:00:00Z,HT,0.02
2020-06-08T04:00:00Z,HT,0.02
2020-03-27T04:00:00Z,IMH,0.02
2020-09-29T04:00:00Z,IMH,0.02
2020-03-25T04:00:00Z,TPIC,0.02
2020-03-20T04:00:00Z,RMAX,0.02
2020-10-15T04:00:00Z,MDRX,0.02
2020-06-04T04:00:00Z,RCMT,0.02
2020-10-13T04:00:00Z,RCMT,-0.1
2020-12-29T05:00:00Z,RCMT,0.02
2021-02-12T05:00:00Z,RCMT,0.02
2020-04-17T04:00:00Z,NDLS,-0.0921739
2020-03-16T04:00:00Z,FGBI,0.02
2020-06-19T04:00:00Z,ALPN,0.02
2021-02-24T05:00:00Z,FNHC,-0.141475
2020-03-20T04:00:00Z,JACK,0.02
2020-12-07T05:00:00Z,FNKO,0.02
2018-12-31T05:00:00Z,KEQU,0.02
2020-04-29T04:00:00Z,KEQU,0.02
2019-08-02T04:00:00Z,HBIO,-0.123596
2020-03-16T04:00:00Z,VAPO,0.02
2020-03-23T04:00:00Z,VAPO,-0.286885
2020-05-11T04:00:00Z,VAPO,0.02
2020-06-03T04:00:00Z,GTE,0.02
2020-06-08T04:00:00Z,GTE,0.02
2020-06-15T04:00:00Z,GTE,-0.306452
2020-12-01T05:00:00Z,GTE,-0.222778
2020-12-09T05:00:00Z,GTE,0.02
2021-01-19T05:00:00Z,GTE,-0.105485
2021-01-29T05:00:00Z,GTE,0.02
2020-03-20T04:00:00Z,NMRK,0.02
2020-06-04T04:00:00Z,NMRK,0.02
2021-04-23T04:00:00Z,TIPT,0.02
2021-01-29T05:00:00Z,HYRE,0.02
2021-02-04T05:00:00Z,HYRE,0.02
2021-05-17T04:00:00Z,HYRE,0.02
2020-03-09T04:00:00Z,ENZ,0.02
2020-03-20T04:00:00Z,ENZ,0.02
2021-03-17T04:00:00Z,ENZ,0.02
2020-03-25T04:00:00Z,ALGT,0.02
2019-08-08T04:00:00Z,PRTK,0.02
2019-12-20T05:00:00Z,PRTK,0.02
2018-09-27T04:00:00Z,ALDX,0.02
2019-03-28T04:00:00Z,ALDX,0.02
2020-04-21T04:00:00Z,ALDX,-0.23494
2021-01-08T05:00:00Z,ALDX,0.02
2021-04-28T04:00:00Z,ALDX,0.02
2020-03-20T04:00:00Z,PETQ,0.02
2020-07-17T04:00:00Z,MATX,0.0120096
2020-03-25T04:00:00Z,EGHT,0.02
2020-12-11T05:00:00Z,EGHT,0.02
2020-03-05T05:00:00Z,VTIQ,0.02
2020-05-13T04:00:00Z,VTIQ,0.02
2020-03-20T04:00:00Z,WHD,0.02
2020-11-16T05:00:00Z,WHD,0.02
2020-03-23T04:00:00Z,DXLG,0.02
2020-04-07T04:00:00Z,DXLG,0.02
2020-04-28T04:00:00Z,DXLG,0.02
2020-06-08T04:00:00Z,DXLG,0.02
2020-06-10T04:00:00Z,DXLG,0.02
2020-11-10T05:00:00Z,DXLG,0.02
2020-04-13T04:00:00Z,AKTS,0.02
2020-03-19T04:00:00Z,CVCY,0.02
2019-11-20T05:00:00Z,ELMD,-0.162113
2020-03-26T04:00:00Z,ELMD,0.02
2020-05-20T04:00:00Z,DVAX,0.02
2020-06-01T04:00:00Z,DVAX,0.02
2020-06-03T04:00:00Z,DVAX,0.02
2021-01-27T05:00:00Z,DVAX,0.02
2021-02-02T05:00:00Z,DVAX,0.02
2021-02-17T05:00:00Z,FINV,0.02
2021-03-12T05:00:00Z,FINV,0.02
2020-03-20T04:00:00Z,PEBK,0.02
2020-03-20T04:00:00Z,GLP,0.02
2021-03-12T05:00:00Z,NIU,0.02
2019-08-09T04:00:00Z,GTHX,0.02
2020-12-07T05:00:00Z,GTHX,-0.109562
2020-03-25T04:00:00Z,PBA,0.02
2020-08-12T04:00:00Z,WLFC,-0.0584838
2021-01-28T05:00:00Z,WRLD,0.02
2018-08-01T04:00:00Z,NVRO,0.02
2019-03-22T04:00:00Z,NVRO,0.02
2019-12-06T05:00:00Z,AUPH,0.02
2021-01-26T05:00:00Z,AUPH,0.02
2020-12-15T05:00:00Z,ARVN,0.02
2020-12-22T05:00:00Z,ARVN,0.02
2020-03-20T04:00:00Z,HEP,0.02
2018-09-04T04:00:00Z,PDEX,0.02
2018-11-12T05:00:00Z,PDEX,0.02
2020-12-29T05:00:00Z,AJRD,0.00895238
2020-03-25T04:00:00Z,HP,0.02
2020-03-24T04:00:00Z,FVCB,0.0118519
2018-07-16T04:00:00Z,CVM,-0.198276
2018-08-27T04:00:00Z,CVM,0.02
2018-08-29T04:00:00Z,CVM,0.02
2019-06-10T04:00:00Z,CVM,0.02
2021-01-28T05:00:00Z,CVM,0.02
2021-02-01T05:00:00Z,CVM,0.02
2019-03-05T05:00:00Z,AMR,0.02
2019-04-08T04:00:00Z,AMR,0.02
2019-04-25T04:00:00Z,AMR,0.02
2019-06-05T04:00:00Z,AMR,0.02
2019-07-09T04:00:00Z,AMR,0.02
2019-09-17T04:00:00Z,AMR,0.02
2020-03-16T04:00:00Z,GPRE,0.02
2020-05-21T04:00:00Z,GPRE,0.02
2020-03-05T05:00:00Z,OCUL,0.02
2020-10-08T04:00:00Z,OCUL,0.02
2020-03-18T04:00:00Z,OLN,0.02
2020-03-17T04:00:00Z,DS,0.02
2020-05-21T04:00:00Z,DS,0.02
2020-06-15T04:00:00Z,DS,-0.225166
2020-10-21T04:00:00Z,DS,0.02
2018-12-31T05:00:00Z,ASPN,0.02
2020-03-20T04:00:00Z,PFSW,-0.0889831
2021-07-07T04:00:00Z,PFSW,0.02
2020-04-07T04:00:00Z,VNCE,0.02
2020-12-28T05:00:00Z,NLTX,0.02
2019-09-23T04:00:00Z,SM,-0.136437
2020-03-16T04:00:00Z,SM,0.02
2020-03-20T04:00:00Z,SM,0.02
2020-04-14T04:00:00Z,SM,0.02
2020-06-08T04:00:00Z,SM,0.02
2020-06-15T04:00:00Z,SM,-0.224359
2020-11-11T05:00:00Z,SM,0.02
2019-08-01T04:00:00Z,QUAD,0.02
2020-03-20T04:00:00Z,CNK,0.02
2020-11-10T05:00:00Z,CNK,0.02
2020-04-23T04:00:00Z,PDSB,-0.0736275
2020-06-30T04:00:00Z,PDSB,0.02
2020-07-16T04:00:00Z,PDSB,0.02
2020-07-21T04:00:00Z,PDSB,0.02
2020-12-11T05:00:00Z,PDSB,-0.16092
2021-02-10T05:00:00Z,PDSB,0.02
2021-03-12T05:00:00Z,PDSB,0.02
2021-05-21T04:00:00Z,PDSB,0.02
2020-03-30T04:00:00Z,EDTX,0.02
2019-03-18T04:00:00Z,CELH,0.02
2020-03-18T04:00:00Z,CELH,0.02
2020-11-16T05:00:00Z,CCL,-0.0502703
2018-10-03T04:00:00Z,LODE,0.02
2018-10-04T04:00:00Z,LODE,0.02
2019-12-02T05:00:00Z,LODE,0.02
2019-12-05T05:00:00Z,LODE,0.02
2019-12-27T05:00:00Z,LODE,0.02
2020-08-18T04:00:00Z,LODE,0.02
2021-02-08T05:00:00Z,LODE,-0.0905172
2021-02-19T05:00:00Z,LODE,0.02
2021-01-25T05:00:00Z,CAS,0.0117188
2020-03-25T04:00:00Z,CAR,0.02
2020-03-25T04:00:00Z,GRPN,0.02
2020-03-30T04:00:00Z,GRPN,0.02
2020-08-10T04:00:00Z,GRPN,0.02
2021-03-02T05:00:00Z,GRPN,0.02
2020-03-20T04:00:00Z,TAST,0.02
2020-03-27T04:00:00Z,TAST,0.02
2020-06-15T04:00:00Z,CCM,0.02
2020-12-16T05:00:00Z,CCM,0.02
2020-03-13T04:00:00Z,SDOW,0.02
2020-03-17T04:00:00Z,SDOW,0.02
2021-06-02T04:00:00Z,SDOW,-0.0231591
2020-04-17T04:00:00Z,MOV,-0.287121
2020-03-20T04:00:00Z,WTTR,0.02
2020-04-24T04:00:00Z,WTTR,0.02
2020-09-15T04:00:00Z,WTTR,0.02
2019-05-10T04:00:00Z,ATNX,0.02
2019-11-20T05:00:00Z,ATNX,0.02
2020-03-20T04:00:00Z,ACNB,0.02
2020-03-18T04:00:00Z,MMI,0.02
2018-06-13T04:00:00Z,RH,0.02
2020-03-25T04:00:00Z,RH,0.02
2020-03-11T04:00:00Z,TNP,0.02
2020-03-20T04:00:00Z,FPH,0.02
2020-11-16T05:00:00Z,HCCI,0.02
2018-11-23T05:00:00Z,QD,0.02
2020-03-23T04:00:00Z,QD,0.02
2020-07-07T04:00:00Z,QD,0.02
2020-07-09T04:00:00Z,QD,0.02
2020-03-20T04:00:00Z,NYMT,0.02
2020-03-27T04:00:00Z,NYMT,0.02
2020-04-09T04:00:00Z,NYMT,0.02
2020-03-24T04:00:00Z,FTAI,0.02
2021-02-03T05:00:00Z,CGNT,0.02
2020-06-10T04:00:00Z,TCRR,0.02
2020-07-29T04:00:00Z,TCRR,0.02
2021-03-18T04:00:00Z,OLO,0.02
2020-03-18T04:00:00Z,SOHO,0.02
2020-04-02T04:00:00Z,SOHO,-0.345455
2020-05-28T04:00:00Z,SOHO,0.02
2020-06-15T04:00:00Z,SOHO,-0.176744
2020-12-11T05:00:00Z,SOHO,-0.0590164
2018-11-12T05:00:00Z,INUV,-0.209459
2019-05-30T04:00:00Z,INUV,0.02
2020-03-25T04:00:00Z,INUV,0.02
2020-05-05T04:00:00Z,INUV,0.02
2020-05-07T04:00:00Z,INUV,0.02
2020-05-19T04:00:00Z,INUV,0.02
2020-06-11T04:00:00Z,INUV,0.02
2020-12-24T05:00:00Z,INUV,0.02
2021-01-20T05:00:00Z,INUV,0.02
2020-06-19T04:00:00Z,AMS,0.02
2021-05-04T04:00:00Z,AMS,0.02
2021-05-06T04:00:00Z,AMS,0.02
2020-06-26T04:00:00Z,PAYS,0.02
2020-02-07T05:00:00Z,SMRT,0.00795455
2020-05-28T04:00:00Z,SMRT,0.02
2020-06-09T04:00:00Z,SMRT,0.02
2020-08-18T04:00:00Z,SMRT,0.02
2021-02-11T05:00:00Z,AACG,-0.44246
2021-07-16T04:00:00Z,AACG,0.02
2018-12-11T05:00:00Z,XPER,0.02
2020-03-20T04:00:00Z,GCI,0.02
2020-04-13T04:00:00Z,GCI,0.02
2020-05-18T04:00:00Z,GCI,-0.26087
2020-06-08T04:00:00Z,GCI,0.02
2020-11-18T05:00:00Z,GCI,0.02
2020-01-03T05:00:00Z,RCON,0.02
2021-03-23T04:00:00Z,RCON,0.02
2019-08-12T04:00:00Z,SIEN,0.02
2019-11-11T05:00:00Z,SIEN,0.02
2020-03-25T04:00:00Z,SIEN,0.02
2020-03-27T04:00:00Z,SIEN,0.02
2020-04-30T04:00:00Z,SIEN,0.02
2021-02-09T05:00:00Z,SIEN,0.02
2020-06-02T04:00:00Z,VTSI,0.02
2020-06-15T04:00:00Z,VTSI,-0.128019
2021-03-31T04:00:00Z,VTSI,0.02
2020-03-27T04:00:00Z,DFIN,0.02
2020-07-28T04:00:00Z,CHEK,-0.249176
2021-01-05T05:00:00Z,CHEK,0.02
2021-02-18T05:00:00Z,CHEK,0.02
2021-03-22T04:00:00Z,CHEK,-0.267148
2020-03-25T04:00:00Z,EYE,0.02
2020-03-26T04:00:00Z,RWT,0.02
2020-03-27T04:00:00Z,RWT,0.02
2020-03-25T04:00:00Z,WHR,0.02
2019-07-26T04:00:00Z,ANIK,0.02
2019-11-01T04:00:00Z,ANIK,-0.0762906
2020-03-20T04:00:00Z,EAT,0.02
2020-03-25T04:00:00Z,EAT,0.02
2020-12-28T05:00:00Z,BEST,-0.247148
2021-06-24T04:00:00Z,BEST,0.02
2021-05-26T04:00:00Z,PRVB,0.02
2021-03-08T05:00:00Z,EAC,-0.0150451
2020-04-07T04:00:00Z,KOP,0.02
2020-04-09T04:00:00Z,KOP,0.02
2019-01-04T05:00:00Z,FBIO,0.02
2019-01-29T05:00:00Z,FBIO,0.02
2019-02-01T05:00:00Z,FBIO,0.02
2021-03-09T05:00:00Z,FBIO,-0.146998
2019-08-08T04:00:00Z,SEDG,0.02
2020-11-05T05:00:00Z,PINS,0.02
2018-09-11T04:00:00Z,LEU,-0.230769
2019-01-03T05:00:00Z,LEU,-0.0810811
2020-11-11T05:00:00Z,BIIB,-0.294854
2021-06-08T04:00:00Z,BIIB,0.02
2020-03-25T04:00:00Z,BKD,0.02
2020-04-07T04:00:00Z,BKD,0.02
2020-11-10T05:00:00Z,BKD,0.02
2020-03-18T04:00:00Z,FRBA,0.02
2020-04-22T04:00:00Z,MMLP,0.02
2020-04-24T04:00:00Z,MMLP,0.02
2020-07-09T04:00:00Z,MMLP,-0.231481
2021-07-02T04:00:00Z,GDYN,0.02
2018-10-10T04:00:00Z,VTGN,-0.1133
2019-12-13T05:00:00Z,VTGN,0.02
2019-12-23T05:00:00Z,VTGN,-0.277308
2020-07-21T04:00:00Z,VTGN,0.02
2020-12-21T05:00:00Z,VTGN,0.02
2019-03-27T04:00:00Z,CFRX,-0.138085
2019-12-16T05:00:00Z,CFRX,0.02
2020-01-10T05:00:00Z,CFRX,0.02
2020-02-05T05:00:00Z,CFRX,0.02
2020-03-20T04:00:00Z,CFRX,0.02
2020-03-27T04:00:00Z,IVR,0.02
2020-04-08T04:00:00Z,IVR,0.02
2020-04-09T04:00:00Z,IVR,0.02
2020-06-09T04:00:00Z,IVR,0.02
2020-03-24T04:00:00Z,CCNE,-0.156587
2020-05-22T04:00:00Z,CMCM,0.02
2020-07-09T04:00:00Z,CMCM,0.02
2021-02-05T05:00:00Z,CMCM,0.02
2020-07-30T04:00:00Z,USX,0.02
2020-03-23T04:00:00Z,WHG,0.02
2020-03-25T04:00:00Z,BBBY,0.02
2021-01-28T05:00:00Z,BBBY,0.02
2021-06-08T04:00:00Z,BBBY,0.02
2019-11-01T04:00:00Z,ELOX,0.02
2019-12-11T05:00:00Z,ELOX,0.02
2020-12-18T05:00:00Z,ELOX,0.02
2020-03-20T04:00:00Z,GNL,0.02
2020-03-31T04:00:00Z,EVH,0.02
2020-04-30T04:00:00Z,USO,0.02
2018-11-27T05:00:00Z,TYME,0.02
2019-01-16T05:00:00Z,TYME,0.02
2020-04-30T04:00:00Z,TYME,0.02
2021-08-02T04:00:00Z,TYME,-0.163121
2020-03-25T04:00:00Z,BLMN,0.02
2020-04-28T04:00:00Z,CALX,0.02
2021-01-28T05:00:00Z,CANG,0.02
2021-01-29T05:00:00Z,CANG,0.02
2020-03-16T04:00:00Z,GDOT,0.02
2020-03-20T04:00:00Z,EPRT,0.02
2020-03-20T04:00:00Z,TWOU,0.02
2020-03-26T04:00:00Z,SPR,0.02
2020-11-16T05:00:00Z,VLO,0.02
2020-03-24T04:00:00Z,SHOO,0.02
2020-03-31T04:00:00Z,OMI,0.02
2020-07-22T04:00:00Z,OMI,0.02
2020-09-25T04:00:00Z,OMI,0.02
2021-05-28T04:00:00Z,OMI,0.02
2020-05-21T04:00:00Z,RENN,0.02
2020-05-26T04:00:00Z,RENN,0.02
2020-09-16T04:00:00Z,RENN,0.02
2020-09-17T04:00:00Z,RENN,0.02
2020-09-21T04:00:00Z,RENN,0.02
2020-10-20T04:00:00Z,RENN,0.02
2020-11-24T05:00:00Z,RENN,0.02
2020-12-09T05:00:00Z,RENN,0.02
2021-02-22T05:00:00Z,RENN,0.02
2020-03-20T04:00:00Z,HIG,0.02
2020-08-04T04:00:00Z,GRIN,0.02
2019-07-05T04:00:00Z,HHC,0.000615385
2020-03-18T04:00:00Z,GBLI,0.02
2020-01-17T05:00:00Z,SIG,0.02
2020-05-15T04:00:00Z,SIG,-0.16156
2020-06-04T04:00:00Z,SIG,0.02
2020-03-25T04:00:00Z,VVV,0.02
2020-01-30T05:00:00Z,CLW,0.02
2020-03-20T04:00:00Z,CLW,0.02
2019-12-27T05:00:00Z,KMPH,0.02
2020-01-10T05:00:00Z,KMPH,0.02
2021-01-11T05:00:00Z,KMPH,0.02
2021-01-26T05:00:00Z,KMPH,0.02
2021-02-09T05:00:00Z,KMPH,0.02
2021-03-04T05:00:00Z,KMPH,0.02
2021-03-16T04:00:00Z,KMPH,0.02
2020-03-20T04:00:00Z,ESTA,0.02
2020-03-16T04:00:00Z,ASIX,0.02
2019-12-31T05:00:00Z,SVRA,0.02
2020-03-18T04:00:00Z,AAWW,0.02
2019-12-11T05:00:00Z,FATE,0.02
2020-03-18T04:00:00Z,FATE,0.02
2020-12-08T05:00:00Z,FATE,0.02
2020-04-02T04:00:00Z,CCO,-0.115759
2020-04-08T04:00:00Z,CCO,0.02
2020-04-23T04:00:00Z,CCO,0.02
2020-06-08T04:00:00Z,CCO,0.02
2020-04-09T04:00:00Z,AQST,0.02
2018-06-20T04:00:00Z,ATNM,0.02
2019-10-31T04:00:00Z,ATNM,-0.391463
2020-06-05T04:00:00Z,ATNM,0.02
2020-06-10T04:00:00Z,ATNM,0.02
2020-08-12T04:00:00Z,ATNM,0.02
2020-03-25T04:00:00Z,DFS,0.02
2020-03-25T04:00:00Z,CRMT,0.02
2018-07-24T04:00:00Z,RETA,0.02
2019-10-16T04:00:00Z,RETA,0.02
2020-06-18T04:00:00Z,RETA,-0.0614215
2020-03-20T04:00:00Z,SEE,0.02
2020-11-10T05:00:00Z,FRT,0.02
2020-04-29T04:00:00Z,VISL,0.02
2020-04-30T04:00:00Z,VISL,0.02
2020-06-04T04:00:00Z,VISL,0.02
2020-06-11T04:00:00Z,VISL,-0.47619
2020-08-04T04:00:00Z,VISL,0.02
2020-12-23T05:00:00Z,VISL,0.02
2021-01-13T05:00:00Z,VISL,-0.10101
2021-01-20T05:00:00Z,VISL,0.02
2021-02-08T05:00:00Z,VISL,0.02
2020-03-20T04:00:00Z,LTRPA,0.02
2020-05-19T04:00:00Z,LTRPA,0.02
2020-06-05T04:00:00Z,LTRPA,0.02
2020-06-08T04:00:00Z,LTRPA,0.02
2020-11-10T05:00:00Z,LTRPA,0.02
2020-07-23T04:00:00Z,DQ,0.02
2020-03-18T04:00:00Z,SHBI,0.02
2019-08-02T04:00:00Z,MYGN,0.02
2020-04-07T04:00:00Z,MYGN,0.02
2020-11-06T05:00:00Z,UPWK,0.02
2021-04-28T04:00:00Z,GLBL,0.02
2020-11-10T05:00:00Z,EB,0.02
2020-03-26T04:00:00Z,FGB,0.02
2021-01-15T05:00:00Z,AVAV,0.02
2018-09-20T04:00:00Z,ALT,0.02
2018-09-21T04:00:00Z,ALT,0.02
2018-10-08T04:00:00Z,ALT,0.02
2019-01-03T05:00:00Z,ALT,0.02
2019-03-14T04:00:00Z,ALT,-0.266667
2020-03-06T05:00:00Z,ALT,-0.0104167
2020-07-09T04:00:00Z,ALT,0.02
2020-03-20T04:00:00Z,CWK,0.02
2018-09-26T04:00:00Z,OCC,0.02
2019-02-19T05:00:00Z,OCC,0.02
2018-11-08T05:00:00Z,TWLO,0.02
2020-05-08T04:00:00Z,TWLO,0.02
2020-04-22T04:00:00Z,UAVS,-0.361472
2020-04-28T04:00:00Z,UAVS,0.02
2020-04-30T04:00:00Z,UAVS,0.02
2020-05-12T04:00:00Z,UAVS,0.02
2020-06-16T04:00:00Z,UAVS,-0.217143
2020-07-09T04:00:00Z,UAVS,0.02
2020-07-13T04:00:00Z,UAVS,0.02
2020-12-21T05:00:00Z,UAVS,0.02
2020-12-22T05:00:00Z,UAVS,0.02
2020-12-23T05:00:00Z,UAVS,0.02
2021-01-08T05:00:00Z,UAVS,0.02
2020-01-15T05:00:00Z,ICHR,0.02
2020-07-23T04:00:00Z,JAMF,0.02
2018-11-19T05:00:00Z,PCG,0.02
2019-01-25T05:00:00Z,PCG,0.02
2019-10-30T04:00:00Z,PCG,0.02
2020-04-09T04:00:00Z,PCG,0.02
2020-12-23T05:00:00Z,USIO,0.02
2020-12-10T05:00:00Z,FPAY,0.02
2020-03-20T04:00:00Z,WHF,0.02
2020-03-20T04:00:00Z,BRG,0.02
2020-04-08T04:00:00Z,BRG,0.02
2020-03-26T04:00:00Z,DFEN,0.02
2020-03-26T04:00:00Z,DFEN,0.02
2020-04-02T04:00:00Z,DFEN,-0.339413
2020-02-07T05:00:00Z,KZR,0.02
2020-02-11T05:00:00Z,KZR,0.02
2020-06-05T04:00:00Z,KZR,0.02
2018-06-06T04:00:00Z,UAMY,0.02
2020-10-06T04:00:00Z,UAMY,0.02
2020-10-08T04:00:00Z,UAMY,0.02
2021-02-11T05:00:00Z,UAMY,0.02
2021-01-28T05:00:00Z,PETS,0.02
2021-06-03T04:00:00Z,PETS,0.02
2019-12-03T05:00:00Z,KOD,0.02
2019-12-09T05:00:00Z,KOD,0.02
2020-06-30T04:00:00Z,CMCL,0.02
2018-09-19T04:00:00Z,OPTT,0.02
2018-12-19T05:00:00Z,OPTT,-0.280275
2019-03-13T04:00:00Z,OPTT,0.02
2019-04-04T04:00:00Z,OPTT,0.02
2020-01-17T05:00:00Z,OPTT,0.02
2020-06-15T04:00:00Z,OPTT,-0.257143
2020-06-17T04:00:00Z,OPTT,0.02
2020-08-13T04:00:00Z,OPTT,0.02
2020-10-07T04:00:00Z,OPTT,0.02
2020-10-08T04:00:00Z,OPTT,0.02
2020-10-12T04:00:00Z,OPTT,0.02
2020-11-25T05:00:00Z,OPTT,0.02
2021-01-25T05:00:00Z,OPTT,0.02
2020-03-16T04:00:00Z,UEC,0.02
2020-03-18T04:00:00Z,UEC,0.02
2020-03-20T04:00:00Z,UHS,0.02
2020-06-30T04:00:00Z,CHRA,0.02
2021-01-19T05:00:00Z,CHRA,0.02
2020-03-25T04:00:00Z,RLJ,0.02
2020-03-26T04:00:00Z,RLJ,0.02
2020-11-10T05:00:00Z,RLJ,0.02
2020-12-23T05:00:00Z,PTN,0.02
2020-12-31T05:00:00Z,PTN,-0.204941
2021-05-05T04:00:00Z,ELP,-0.0710572
2020-03-20T04:00:00Z,TBBK,0.02
2020-08-06T04:00:00Z,TISI,0.02
2020-11-11T05:00:00Z,TISI,0.02
2020-03-26T04:00:00Z,ROLL,0.02
2018-10-05T04:00:00Z,VXRT,0.02
2018-11-29T05:00:00Z,VXRT,0.02
2019-03-20T04:00:00Z,VXRT,0.02
2020-01-22T05:00:00Z,VXRT,0.02
2020-01-28T05:00:00Z,VXRT,0.02
2020-01-31T05:00:00Z,VXRT,0.02
2020-02-03T05:00:00Z,VXRT,0.02
2020-02-10T05:00:00Z,VXRT,-0.163121
2020-02-27T05:00:00Z,VXRT,0.02
2020-03-05T05:00:00Z,VXRT,-0.314286
2020-03-18T04:00:00Z,VXRT,0.02
2020-04-22T04:00:00Z,VXRT,0.02
2020-06-26T04:00:00Z,VXRT,0.02
2020-07-06T04:00:00Z,VXRT,-0.346193
2020-07-08T04:00:00Z,VXRT,0.02
2020-07-14T04:00:00Z,VXRT,0.02
2020-07-15T04:00:00Z,VXRT,0.02
2020-09-17T04:00:00Z,VXRT,0.02
2021-01-29T05:00:00Z,VXRT,0.02
2021-02-01T05:00:00Z,VXRT,0.02
2021-02-02T05:00:00Z,VXRT,0.02
2021-02-03T05:00:00Z,VXRT,0.02
2021-04-28T04:00:00Z,VXRT,0.02
2020-03-25T04:00:00Z,GTN,0.02
2020-07-22T04:00:00Z,ARLO,0.02
2020-08-10T04:00:00Z,ARLO,0.02
2020-12-03T05:00:00Z,ARLO,0.02
2020-03-26T04:00:00Z,PRTS,0.02
2021-01-27T05:00:00Z,PRTS,0.02
2020-03-20T04:00:00Z,ARMK,0.02
2020-03-20T04:00:00Z,AROC,0.02
2020-03-20T04:00:00Z,NXGN,0.02
2020-03-20T04:00:00Z,HRZN,0.02
2020-03-19T04:00:00Z,SYNL,0.02
2020-10-28T04:00:00Z,SYNL,0.02
2019-11-08T05:00:00Z,COLL,0.02
2020-02-13T05:00:00Z,COLL,0.02
2020-03-20T04:00:00Z,WIX,0.02
2021-01-21T05:00:00Z,URG,-0.280377
2020-11-24T05:00:00Z,MFGP,0.02
2018-12-04T05:00:00Z,GBT,0.02
2020-03-18T04:00:00Z,CAMP,0.02
2018-09-07T04:00:00Z,ARWR,0.02
2020-03-20T04:00:00Z,ARWR,0.02
2020-09-17T04:00:00Z,ARWR,0.02
2020-03-20T04:00:00Z,XFOR,0.02
2020-03-24T04:00:00Z,CVLY,-0.18001
2019-03-15T04:00:00Z,SMSI,0.02
2019-07-29T04:00:00Z,SMSI,0.02
2020-04-07T04:00:00Z,OCN,0.02
2020-07-20T04:00:00Z,OCN,0.02
2020-03-23T04:00:00Z,DK,0.02
2020-11-16T05:00:00Z,DK,0.02
2020-03-20T04:00:00Z,ESNT,0.02
2020-04-02T04:00:00Z,ESNT,-0.207647
2020-11-11T05:00:00Z,FANG,0.02
2020-03-27T04:00:00Z,ABR,0.02
2020-07-14T04:00:00Z,ATTO,-0.162791
2020-03-23T04:00:00Z,EVRI,0.02
2020-03-24T04:00:00Z,EVRI,0.02
2020-04-07T04:00:00Z,EVRI,0.02
2020-04-09T04:00:00Z,EVRI,0.02
2020-07-17T04:00:00Z,EVRI,-0.187588
2020-03-20T04:00:00Z,TCPC,0.02
2020-02-20T05:00:00Z,SSTI,0.02
2020-03-20T04:00:00Z,SSTI,0.02
2020-08-14T04:00:00Z,SSTI,-0.0838177
2021-05-17T04:00:00Z,SSTI,0.02
2020-12-07T05:00:00Z,STRO,0.02
2020-04-02T04:00:00Z,LADR,-0.42875
2020-04-08T04:00:00Z,LADR,0.02
2020-04-17T04:00:00Z,LADR,-0.144219
2020-03-18T04:00:00Z,SB,0.02
2020-04-20T04:00:00Z,BCRX,0.02
2021-02-08T05:00:00Z,BCRX,-0.199844
2020-03-25T04:00:00Z,OUT,0.02
2020-03-27T04:00:00Z,SMED,0.02
2020-10-08T04:00:00Z,AYX,0.02
2021-05-18T04:00:00Z,SGA,-0.174717
2020-03-25T04:00:00Z,CCB,0.02
2018-06-15T04:00:00Z,ETSY,0.02
2020-04-07T04:00:00Z,CRNT,0.02
2021-01-19T05:00:00Z,CRNT,0.02
2021-01-20T05:00:00Z,CRNT,0.02
2020-03-20T04:00:00Z,SMHB,-0.52504
2020-03-20T04:00:00Z,SMHB,0.02
2021-03-09T05:00:00Z,MBI,0.02
2019-06-03T04:00:00Z,CNR,-0.248696
2020-03-25T04:00:00Z,TOL,0.02
2020-03-26T04:00:00Z,ATI,0.02
2020-03-11T04:00:00Z,FRO,0.02
2019-11-29T05:00:00Z,SQNS,0.02
2020-05-05T04:00:00Z,VERI,0.02
2020-07-16T04:00:00Z,VERI,-0.212142
2018-06-26T04:00:00Z,OCX,0.02
2019-02-05T05:00:00Z,OCX,-0.223214
2020-11-10T05:00:00Z,INN,0.02
2018-12-17T05:00:00Z,DFFN,0.02
2019-03-08T05:00:00Z,DFFN,0.02
2019-05-03T04:00:00Z,DFFN,0.02
2019-11-01T04:00:00Z,DFFN,0.02
2019-11-21T05:00:00Z,DFFN,0.02
2019-11-26T05:00:00Z,DFFN,0.02
2019-12-12T05:00:00Z,DFFN,0.02
2020-04-08T04:00:00Z,DFFN,-0.275064
2020-05-15T04:00:00Z,DFFN,0.02
2020-05-18T04:00:00Z,DFFN,0.02
2021-01-12T05:00:00Z,DFFN,0.02
2021-02-17T05:00:00Z,DFFN,0.02
2020-03-25T04:00:00Z,GSBD,0.02
2020-06-29T04:00:00Z,BBCP,0.02
2020-03-20T04:00:00Z,BELFB,-0.221881
2020-06-12T04:00:00Z,BELFB,-0.318571
2020-04-09T04:00:00Z,GTX,0.02
2020-09-04T04:00:00Z,GTX,0.02
2020-05-18T04:00:00Z,SEEL,0.02
2020-05-26T04:00:00Z,SEEL,0.02
2020-08-06T04:00:00Z,SEEL,-0.0901639
2020-10-06T04:00:00Z,SEEL,-0.228696
2021-03-16T04:00:00Z,SEEL,0.02
2021-01-29T05:00:00Z,SREV,-0.194872
2020-03-18T04:00:00Z,PLSE,0.02
2021-07-09T04:00:00Z,PLSE,-0.113942
2020-03-20T04:00:00Z,BHR,0.02
2020-04-02T04:00:00Z,BHR,-0.443946
2020-04-13T04:00:00Z,BHR,0.02
2020-04-13T04:00:00Z,BHR,0.02
2020-11-10T05:00:00Z,BHR,0.02
2021-05-27T04:00:00Z,GVP,0.02
2020-04-07T04:00:00Z,PVH,0.02
2019-06-20T04:00:00Z,ARCT,0.02
2020-03-17T04:00:00Z,ARCT,0.02
2020-04-28T04:00:00Z,ARCT,0.02
2020-11-30T05:00:00Z,ARCT,0.02
2021-01-08T05:00:00Z,ARCT,0.02
2021-08-05T04:00:00Z,ARCT,0.02
2020-03-16T04:00:00Z,WEYS,0.02
2018-06-22T04:00:00Z,MTNB,-0.228197
2018-09-25T04:00:00Z,MTNB,0.02
2018-10-01T04:00:00Z,MTNB,0.02
2018-10-19T04:00:00Z,MTNB,0.02
2019-06-13T04:00:00Z,MTNB,0.02
2020-04-14T04:00:00Z,MTNB,0.02
2020-12-30T05:00:00Z,MTNB,0.02
2021-01-04T05:00:00Z,MTNB,0.02
2021-01-05T05:00:00Z,MTNB,0.02
2020-12-02T05:00:00Z,DMAC,-0.143333
2020-03-20T04:00:00Z,NTRA,0.02
2020-12-02T05:00:00Z,CAAP,0.02
2018-08-21T04:00:00Z,ALRN,0.02
2019-01-17T05:00:00Z,ALRN,0.02
2019-02-04T05:00:00Z,ALRN,0.02
2019-02-13T05:00:00Z,ALRN,0.02
2019-03-13T04:00:00Z,ALRN,0.02
2019-11-05T05:00:00Z,ALRN,0.02
2020-04-14T04:00:00Z,ALRN,0.02
2020-05-29T04:00:00Z,ALRN,0.02
2020-10-27T04:00:00Z,ALRN,-0.428571
2021-01-12T05:00:00Z,ALRN,0.02
2021-01-21T05:00:00Z,SNCR,0.02
2021-01-11T05:00:00Z,ORTX,0.02
2020-03-20T04:00:00Z,CHEF,0.02
2020-03-26T04:00:00Z,CHEF,0.02
2020-11-10T05:00:00Z,CHEF,0.02
2018-08-30T04:00:00Z,OPNT,0.02
2020-03-20T04:00:00Z,PAA,0.02
2020-04-24T04:00:00Z,SOHU,-0.0486936
2020-07-28T04:00:00Z,SOHU,0.02
2021-07-14T04:00:00Z,SOHU,0.02
2020-10-08T04:00:00Z,CVV,0.02
2020-05-26T04:00:00Z,MIND,0.02
2020-05-27T04:00:00Z,MIND,0.02
2020-12-17T05:00:00Z,MIND,0.02
2020-05-11T04:00:00Z,TMST,0.02
2021-02-24T05:00:00Z,TMST,0.02
2018-08-14T04:00:00Z,TTD,0.02
2019-02-25T05:00:00Z,TTD,0.02
2020-11-09T05:00:00Z,TTD,0.02
2019-06-28T04:00:00Z,ASPU,-0.191489
2020-05-14T04:00:00Z,AVNW,0.02
2021-01-19T05:00:00Z,DRVN,0.02
2020-05-18T04:00:00Z,ACB,0.02
2020-05-26T04:00:00Z,ACB,-0.181866
2020-05-22T04:00:00Z,ACB,0.02
2020-11-06T05:00:00Z,ACB,0.02
2020-11-09T05:00:00Z,ACB,0.02
2020-11-27T05:00:00Z,ACB,0.02
2020-04-20T04:00:00Z,FSI,-0.232558
2021-01-14T05:00:00Z,FSI,0.02
2020-03-26T04:00:00Z,MRCC,0.02
2020-03-18T04:00:00Z,MAG,0.02
2020-03-18T04:00:00Z,SA,0.02
2020-03-26T04:00:00Z,AMBC,0.02
2020-04-30T04:00:00Z,RICK,0.02
2020-03-18T04:00:00Z,SGC,0.02
2019-12-12T05:00:00Z,MRNS,0.02
2019-12-23T05:00:00Z,MRNS,0.02
2020-03-23T04:00:00Z,MRNS,0.02
2020-09-16T04:00:00Z,MRNS,0.02
2020-09-25T04:00:00Z,MRNS,0.02
2020-03-19T04:00:00Z,RNGR,-0.340568
2021-02-12T05:00:00Z,QUOT,0.02
2019-01-24T05:00:00Z,UNFI,-0.145345
2020-03-17T04:00:00Z,UNFI,0.02
2020-03-18T04:00:00Z,UNFI,0.02
2020-05-20T04:00:00Z,UNFI,-0.155399
2021-03-16T04:00:00Z,SJR,0.02
2020-03-11T04:00:00Z,TNK,0.02
2018-06-05T04:00:00Z,AVXL,0.02
2018-07-11T04:00:00Z,AVXL,-0.117021
2019-12-05T05:00:00Z,AVXL,0.02
2021-02-04T05:00:00Z,AVXL,0.02
2021-02-05T05:00:00Z,AVXL,0.02
2021-06-16T04:00:00Z,AVXL,0.02
2019-07-18T04:00:00Z,SCPH,0.02
2019-06-14T04:00:00Z,STRM,0.02
2018-11-14T05:00:00Z,HDSN,0.02
2018-12-04T05:00:00Z,HDSN,0.02
2019-05-03T04:00:00Z,HDSN,0.02
2019-08-27T04:00:00Z,HDSN,0.02
2020-03-20T04:00:00Z,MPLX,0.02
2020-03-20T04:00:00Z,MTG,0.02
2020-03-27T04:00:00Z,MTG,0.02
2020-03-20T04:00:00Z,POWL,0.02
2020-05-22T04:00:00Z,CLSN,0.02
2020-05-26T04:00:00Z,CLSN,0.02
2020-06-17T04:00:00Z,CLSN,0.02
2021-01-21T05:00:00Z,CLSN,0.02
2021-01-22T05:00:00Z,CLSN,0.02
2021-01-27T05:00:00Z,CLSN,0.02
2021-02-09T05:00:00Z,CLSN,0.02
2021-02-23T05:00:00Z,CLSN,0.02
2019-09-23T04:00:00Z,OAS,-0.185654
2020-03-16T04:00:00Z,OAS,0.02
2020-04-24T04:00:00Z,OAS,0.02
2020-06-08T04:00:00Z,OAS,0.02
2020-06-09T04:00:00Z,OAS,0.02
2020-09-16T04:00:00Z,OAS,0.02
2020-03-20T04:00:00Z,OXLC,0.02
2018-10-09T04:00:00Z,AMTX,0.02
2018-12-27T05:00:00Z,AMTX,0.02
2019-05-07T04:00:00Z,AMTX,0.02
2020-03-23T04:00:00Z,AMTX,0.02
2020-05-04T04:00:00Z,AMTX,0.02
2020-08-04T04:00:00Z,AMTX,0.02
2020-08-06T04:00:00Z,AMTX,0.02
2020-08-13T04:00:00Z,AMTX,0.02
2020-12-04T05:00:00Z,AMTX,0.02
2020-12-30T05:00:00Z,AMTX,-0.185535
2021-01-26T05:00:00Z,AMTX,0.02
2021-03-02T05:00:00Z,AMTX,0.02
2021-03-15T04:00:00Z,AMTX,0.02
2020-03-20T04:00:00Z,SRT,-0.214559
2018-12-11T05:00:00Z,BHVN,-0.143626
2020-04-07T04:00:00Z,SSP,0.02
2018-09-14T04:00:00Z,NIO,0.02
2019-11-12T05:00:00Z,NIO,-0.208163
2020-10-28T04:00:00Z,SRRK,0.02
2020-10-29T04:00:00Z,SRRK,0.02
2020-04-08T04:00:00Z,MFIN,0.02
2020-04-09T04:00:00Z,MFIN,0.02
2018-06-20T04:00:00Z,SRPT,0.02
2019-12-20T05:00:00Z,SRPT,-0.0773
2020-07-16T04:00:00Z,SIFY,0.02
2021-01-19T05:00:00Z,SIFY,-0.118959
2021-02-10T05:00:00Z,SIFY,0.02
2021-03-08T05:00:00Z,SIFY,0.02
2020-03-25T04:00:00Z,LPX,0.02
2020-03-20T04:00:00Z,WEN,0.02
2021-06-15T04:00:00Z,WEN,-0.181724
2020-12-03T05:00:00Z,MACK,0.02
2020-03-18T04:00:00Z,ANIP,0.02
2020-03-26T04:00:00Z,PMT,0.02
2020-10-23T04:00:00Z,ALGN,0.02
2020-03-25T04:00:00Z,CMCT,0.02
2018-11-29T05:00:00Z,TNXP,0.02
2018-12-07T05:00:00Z,TNXP,0.02
2019-03-11T04:00:00Z,TNXP,0.02
2019-11-08T05:00:00Z,TNXP,-0.302326
2020-03-04T05:00:00Z,TNXP,-0.461929
2020-03-05T05:00:00Z,TNXP,-0.213793
2020-03-03T05:00:00Z,TNXP,0.02
2020-03-24T04:00:00Z,TNXP,0.02
2020-07-20T04:00:00Z,TNXP,0.02
2020-07-21T04:00:00Z,TNXP,0.02
2020-08-20T04:00:00Z,TNXP,-0.126415
2019-09-13T04:00:00Z,BELFA,0.02
2020-03-25T04:00:00Z,DSKE,0.02
2020-11-10T05:00:00Z,SBNY,0.02
2020-04-09T04:00:00Z,ELVT,0.02
2020-03-25T04:00:00Z,BHF,0.02
2018-06-29T04:00:00Z,WSC,-0.0358306
2019-07-19T04:00:00Z,TEDU,0.02
2020-02-27T05:00:00Z,TEDU,0.02
2020-03-09T04:00:00Z,TEDU,-0.124694
2020-04-27T04:00:00Z,TEDU,0.02
2020-07-17T04:00:00Z,TEDU,-0.237668
2020-03-25T04:00:00Z,KBH,0.02
2018-11-01T04:00:00Z,ARAY,0.02
2019-05-31T04:00:00Z,MAXR,-0.228669
2020-03-20T04:00:00Z,TRGP,0.02
2020-06-17T04:00:00Z,IDYA,0.02
2020-06-18T04:00:00Z,IDYA,0.02
2019-12-30T05:00:00Z,ITRM,0.02
2020-05-20T04:00:00Z,ITRM,0.02
2020-10-01T04:00:00Z,ITRM,0.02
2020-10-21T04:00:00Z,ITRM,0.02
2020-12-02T05:00:00Z,ITRM,-0.207317
2020-12-04T05:00:00Z,ITRM,0.02
2021-01-21T05:00:00Z,ITRM,0.02
2021-02-10T05:00:00Z,ITRM,0.02
2021-01-28T05:00:00Z,FIZZ,0.02
2020-03-10T04:00:00Z,NCSM,-0.3625
2020-04-14T04:00:00Z,NCSM,0.02
2020-06-09T04:00:00Z,NCSM,0.02
2018-06-15T04:00:00Z,FLGT,0.02
2019-08-09T04:00:00Z,FLGT,0.02
2019-11-08T05:00:00Z,FLGT,0.02
2019-11-11T05:00:00Z,FLGT,0.02
2020-03-18T04:00:00Z,FLGT,0.02
2020-08-03T04:00:00Z,FLGT,0.02
2020-03-20T04:00:00Z,WETF,0.02
2019-11-19T05:00:00Z,AEYE,0.02
2021-02-09T05:00:00Z,AEYE,0.02
2019-01-09T05:00:00Z,BEDU,0.02
2020-04-13T04:00:00Z,AINV,0.02
2020-03-20T04:00:00Z,MVBF,0.02
2020-01-14T05:00:00Z,PRMW,0.02
2020-03-25T04:00:00Z,IMGN,0.02
2020-05-11T04:00:00Z,INVE,0.02
2020-03-26T04:00:00Z,SRG,0.02
2020-04-07T04:00:00Z,SRG,0.02
2020-06-08T04:00:00Z,SRG,0.02
2020-06-09T04:00:00Z,SRG,0.02
2020-11-16T05:00:00Z,SRG,0.02
2018-06-07T04:00:00Z,AXON,0.02
2020-03-25T04:00:00Z,OVBC,0.02
2020-04-07T04:00:00Z,PATK,0.02
2019-06-04T04:00:00Z,MRTX,0.02
2020-03-18T04:00:00Z,HALL,0.02
2020-06-05T04:00:00Z,HALL,0.02
2020-06-09T04:00:00Z,HALL,0.02
2020-08-12T04:00:00Z,HALL,0.02
2018-11-05T05:00:00Z,PACB,0.02
2020-04-28T04:00:00Z,GNLN,0.02
2020-04-14T04:00:00Z,SD,0.02
2020-04-27T04:00:00Z,SD,0.02
2020-04-28T04:00:00Z,SD,0.02
2020-07-01T04:00:00Z,VIRC,0.02
2020-03-25T04:00:00Z,TSBK,0.02
2019-04-04T04:00:00Z,EVGN,0.02
2020-09-02T04:00:00Z,EVGN,0.02
2020-09-28T04:00:00Z,EVGN,0.02
2020-12-24T05:00:00Z,EVGN,0.02
2020-12-29T05:00:00Z,EVGN,0.02
2020-03-26T04:00:00Z,MEOH,0.02
2020-03-20T04:00:00Z,CLDT,0.02
2020-11-10T05:00:00Z,CLDT,0.02
2020-11-16T05:00:00Z,HST,0.02
2019-08-12T04:00:00Z,PCTI,0.02
2021-01-20T05:00:00Z,PCTI,0.02
2020-03-20T04:00:00Z,HSC,0.02
2019-03-05T05:00:00Z,HSII,-0.0157823
2020-02-26T05:00:00Z,MRNA,0.02
2020-03-25T04:00:00Z,AXL,0.02
2020-03-24T04:00:00Z,MGTA,-0.373
2020-03-20T04:00:00Z,PZZA,0.02
2020-03-20T04:00:00Z,CAL,0.02
2020-03-25T04:00:00Z,CAL,0.02
2020-04-08T04:00:00Z,CAL,0.02
2020-04-30T04:00:00Z,CAL,0.02
2020-01-03T05:00:00Z,OTLK,0.02
2021-02-04T05:00:00Z,OTLK,0.02
2021-02-09T05:00:00Z,OTLK,0.02
2019-02-11T05:00:00Z,MBIO,0.02
2019-04-22T04:00:00Z,MBIO,0.02
2020-03-24T04:00:00Z,MBIO,-0.153846
2018-09-14T04:00:00Z,PI,0.02
2019-05-01T04:00:00Z,PI,0.02
2021-01-12T05:00:00Z,PI,0.02
2020-11-10T05:00:00Z,MAC,0.02
2020-03-25T04:00:00Z,COP,0.02
2018-08-13T04:00:00Z,ATAI,0.02
2018-08-29T04:00:00Z,ATAI,0.02
2018-10-04T04:00:00Z,ATAI,0.02
2019-04-10T04:00:00Z,ATAI,0.02
2019-04-11T04:00:00Z,ATAI,0.02
2019-04-16T04:00:00Z,ATAI,0.02
2021-06-21T04:00:00Z,ATAI,0.02
2020-03-18T04:00:00Z,SJW,0.02
2020-03-18T04:00:00Z,UNIT,0.02
2020-11-02T05:00:00Z,TCDA,0.02
2019-03-01T05:00:00Z,SE,0.02
2018-09-25T04:00:00Z,ACAD,0.02
2019-09-10T04:00:00Z,ACAD,0.02
2020-03-26T04:00:00Z,CLIR,0.02
2020-05-21T04:00:00Z,CLIR,0.02
2020-06-17T04:00:00Z,CLIR,0.02
2019-11-22T05:00:00Z,FTCH,0.00414938
2019-02-13T05:00:00Z,MGNX,-0.185851
2020-05-07T04:00:00Z,MGNX,0.02
2020-05-12T04:00:00Z,MGNX,0.02
2020-03-25T04:00:00Z,AAN,0.02
2020-11-10T05:00:00Z,MTB,0.02
2019-12-11T05:00:00Z,AAME,0.02
2020-06-18T04:00:00Z,AAME,0.02
2021-02-08T05:00:00Z,AAME,0.02
2021-03-23T04:00:00Z,AAME,0.02
2020-04-03T04:00:00Z,AXAS,0.02
2020-04-24T04:00:00Z,AXAS,0.02
2020-06-08T04:00:00Z,AXAS,0.02
2020-06-15T04:00:00Z,AXAS,-0.22475
2020-10-20T04:00:00Z,AXAS,0.02
2021-02-08T05:00:00Z,AXAS,0.02
2018-12-28T05:00:00Z,WATT,0.02
2020-04-28T04:00:00Z,WATT,-0.147059
2020-06-16T04:00:00Z,WATT,-0.184502
2020-12-31T05:00:00Z,WATT,-0.271255
2021-02-22T05:00:00Z,WATT,0.02
2020-03-20T04:00:00Z,MYE,0.02
2020-11-24T05:00:00Z,JG,0.02
2020-12-23T05:00:00Z,JG,0.02
2021-02-08T05:00:00Z,JG,0.02
2020-04-21T04:00:00Z,DSX,-0.102041
2020-04-07T04:00:00Z,SNBR,0.02
2020-04-09T04:00:00Z,SNBR,0.02
2020-04-24T04:00:00Z,SNBR,0.02
2020-08-04T04:00:00Z,PBI,0.02
2021-01-27T05:00:00Z,PBI,0.02
2021-04-09T04:00:00Z,PAR,0.02
2021-03-17T04:00:00Z,NFE,0.02
2020-03-25T04:00:00Z,RDFN,0.02
2019-09-11T04:00:00Z,AKBA,0.02
2020-03-20T04:00:00Z,AKBA,0.02
2018-07-31T04:00:00Z,ABIO,0.02
2018-10-02T04:00:00Z,ABIO,0.02
2019-02-21T05:00:00Z,ABIO,0.02
2019-05-02T04:00:00Z,ABIO,0.02
2019-06-04T04:00:00Z,ABIO,0.02
2020-05-29T04:00:00Z,ABIO,0.02
2018-08-28T04:00:00Z,DXYN,0.02
2019-02-11T05:00:00Z,DXYN,0.02
2019-06-10T04:00:00Z,DXYN,0.02
2019-08-29T04:00:00Z,DXYN,0.02
2019-09-05T04:00:00Z,DXYN,0.02
2019-10-24T04:00:00Z,DXYN,0.02
2020-03-11T04:00:00Z,DXYN,0.02
2020-03-31T04:00:00Z,DXYN,-0.269088
2020-06-01T04:00:00Z,DXYN,0.02
2020-07-31T04:00:00Z,DXYN,0.02
2020-11-06T05:00:00Z,DXYN,0.02
2021-08-06T04:00:00Z,DXYN,0.02
2021-07-06T04:00:00Z,ALEC,0.02
2018-11-08T05:00:00Z,CTMX,0.02
2020-03-18T04:00:00Z,CTMX,0.02
2020-03-25T04:00:00Z,CTMX,0.02
2020-05-01T04:00:00Z,CTMX,0.02
2020-03-25T04:00:00Z,VSAT,0.02
2020-03-20T04:00:00Z,GVA,0.02
2020-03-18T04:00:00Z,BIG,0.02
2020-03-25T04:00:00Z,BIG,0.02
2020-07-06T04:00:00Z,BIG,-0.0822451
2019-11-11T05:00:00Z,ENG,0.02
2020-10-08T04:00:00Z,ENG,0.02
2020-11-24T05:00:00Z,ENG,0.02
2020-11-25T05:00:00Z,ENG,0.02
2020-12-08T05:00:00Z,ENG,0.02
2020-12-28T05:00:00Z,ENG,0.02
2021-01-12T05:00:00Z,ENG,0.02
2021-01-13T05:00:00Z,ENG,0.02
2021-06-02T04:00:00Z,ENG,0.02
2020-06-01T04:00:00Z,NVGS,0.02
2019-08-28T04:00:00Z,PRTA,0.02
2021-02-03T05:00:00Z,PRTA,0.02
2021-02-16T05:00:00Z,PRTA,0.02
2021-06-08T04:00:00Z,PRTA,0.02
2020-03-20T04:00:00Z,ROCK,0.02
2020-03-20T04:00:00Z,EBTC,-0.215017
2020-03-31T04:00:00Z,EBTC,-0.0287873
2018-09-26T04:00:00Z,AGTC,0.02
2019-12-23T05:00:00Z,AGTC,0.02
2020-01-10T05:00:00Z,AGTC,0.02
2021-02-17T05:00:00Z,AGTC,0.02
2020-03-26T04:00:00Z,PBPB,0.02
2020-05-28T04:00:00Z,PBPB,0.02
2020-05-19T04:00:00Z,SLCA,0.02
2021-01-05T05:00:00Z,SLCA,0.02
2020-03-26T04:00:00Z,PBFX,0.02
2020-04-01T04:00:00Z,PBFX,0.02
2021-02-02T05:00:00Z,PMD,-0.0402685
2019-01-04T05:00:00Z,ZYNE,0.02
2019-01-30T05:00:00Z,ZYNE,0.02
2021-02-04T05:00:00Z,ZYNE,0.02
2021-02-18T05:00:00Z,ZYNE,-0.2825
2021-03-22T04:00:00Z,ZYNE,-0.141176
2020-11-10T05:00:00Z,BRX,0.02
2020-04-29T04:00:00Z,AGLE,0.02
2020-03-26T04:00:00Z,QTRX,0.02
2019-08-02T04:00:00Z,EHTH,-0.088603
2020-01-27T05:00:00Z,EHTH,0.02
2020-03-17T04:00:00Z,GLNG,-0.268437
2020-05-20T04:00:00Z,GLNG,0.02
2020-03-18T04:00:00Z,CWT,0.02
2020-03-25T04:00:00Z,DRI,0.02
2021-06-11T04:00:00Z,AXLA,0.02
2020-11-16T05:00:00Z,CUK,-0.0448757
2019-03-04T05:00:00Z,LXRX,0.02
2019-09-12T04:00:00Z,LXRX,0.02
2019-09-25T04:00:00Z,LXRX,-0.0826772
2020-11-24T05:00:00Z,LXRX,-0.127072
2020-12-09T05:00:00Z,LXRX,0.02
2021-01-15T05:00:00Z,LXRX,0.02
2020-03-16T04:00:00Z,DY,0.02
2021-05-12T04:00:00Z,FF,0.02
2020-02-07T05:00:00Z,CURO,0.02
2020-12-28T05:00:00Z,CURO,-0.107407
2020-03-20T04:00:00Z,GPRO,0.02
2020-10-08T04:00:00Z,GPRO,0.02
2020-02-21T05:00:00Z,CYH,0.02
2020-03-25T04:00:00Z,CYH,0.02
2020-06-15T04:00:00Z,CYH,-0.161125
2020-10-29T04:00:00Z,CYH,0.02
2020-03-26T04:00:00Z,AAL,0.02
2020-06-05T04:00:00Z,AAL,0.02
2018-08-13T04:00:00Z,MRAM,-0.199639
2020-05-01T04:00:00Z,MRAM,0.02
2020-05-11T04:00:00Z,MRAM,0.02
2020-08-20T04:00:00Z,INOD,0.02
2020-09-30T04:00:00Z,INOD,0.02
2021-03-12T05:00:00Z,INOD,0.02
2019-03-07T05:00:00Z,HZNP,-0.11302
2019-09-06T04:00:00Z,COE,0.02
2019-12-30T05:00:00Z,COE,-0.115385
2020-06-19T04:00:00Z,COE,0.02
2020-03-27T04:00:00Z,RC,0.02
2020-11-10T05:00:00Z,PK,0.02
2019-08-07T04:00:00Z,EVER,0.02
2019-11-06T05:00:00Z,EVER,0.02
2020-11-06T05:00:00Z,JKS,0.02
2020-03-20T04:00:00Z,CCF,0.02
2018-08-09T04:00:00Z,DDD,0.02
2021-01-08T05:00:00Z,DDD,0.02
2021-01-15T05:00:00Z,DDD,0.02
2021-05-12T04:00:00Z,DDD,0.02
2021-06-23T04:00:00Z,DDD,0.02
2020-03-18T04:00:00Z,LOGC,0.02
2020-09-29T04:00:00Z,LOGC,0.02
2020-09-30T04:00:00Z,LOGC,0.02
2021-01-04T05:00:00Z,CAN,0.02
2021-02-12T05:00:00Z,CAN,0.02
2021-02-17T05:00:00Z,CAN,0.02
2021-02-22T05:00:00Z,CAN,0.02
2021-03-02T05:00:00Z,CAN,0.02
2021-03-10T05:00:00Z,CAN,0.02
2021-03-12T05:00:00Z,CAN,0.02
2020-03-24T04:00:00Z,PFIS,-0.118857
2020-04-07T04:00:00Z,DDS,0.02
2020-10-19T04:00:00Z,DDS,-0.09604
2020-06-09T04:00:00Z,PFIE,0.02
2020-05-19T04:00:00Z,CELC,0.02
2021-04-12T04:00:00Z,CELC,0.02
2021-04-19T04:00:00Z,CELC,-0.136331
2020-11-10T05:00:00Z,PACW,0.02
2020-11-10T05:00:00Z,VVI,0.02
2020-03-16T04:00:00Z,SIX,0.02
2018-09-04T04:00:00Z,PMTS,0.02
2019-11-26T05:00:00Z,PMTS,0.02
2020-03-16T04:00:00Z,AAON,0.02
2020-03-18T04:00:00Z,FDP,0.02
2020-03-20T04:00:00Z,CZR,0.02
2020-03-16T04:00:00Z,DO,0.02
2020-03-16T04:00:00Z,FET,0.02
2020-04-30T04:00:00Z,FET,0.02
2020-05-01T04:00:00Z,FET,0.02
2020-06-08T04:00:00Z,FET,0.02
2020-06-09T04:00:00Z,FET,0.02
2020-07-31T04:00:00Z,FET,0.02
2019-06-28T04:00:00Z,DX,-0.0170188
2020-03-27T04:00:00Z,DX,0.02
2020-04-30T04:00:00Z,MUR,0.02
2020-04-13T04:00:00Z,TUP,0.02
2020-05-27T04:00:00Z,TUP,0.02
2020-06-05T04:00:00Z,TUP,0.02
2020-06-08T04:00:00Z,TUP,0.02
2020-11-10T05:00:00Z,VNO,0.02
2021-02-02T05:00:00Z,HL,0.02
2020-03-26T04:00:00Z,TWO,0.02
2020-04-07T04:00:00Z,TWO,0.02
2020-04-08T04:00:00Z,TWO,0.02
2019-01-14T05:00:00Z,SAGE,-0.0918907
2020-03-20T04:00:00Z,DRH,0.02
2020-11-16T05:00:00Z,DRH,0.02
2020-03-18T04:00:00Z,FOLD,0.02
2020-03-18T04:00:00Z,EXK,0.02
2019-11-04T05:00:00Z,BLCM,0.02
2019-12-12T05:00:00Z,BLCM,0.02
2018-08-10T04:00:00Z,YELP,0.02
2020-03-11T04:00:00Z,LPI,0.02
2020-03-16T04:00:00Z,LPI,0.02
2020-04-24T04:00:00Z,LPI,0.02
2020-05-01T04:00:00Z,LPI,0.02
2018-11-14T05:00:00Z,COCP,0.02
2020-01-15T05:00:00Z,COCP,0.02
2020-02-25T05:00:00Z,COCP,0.02
2020-03-03T05:00:00Z,COCP,-0.474886
2020-04-15T04:00:00Z,COCP,0.02
2020-06-15T04:00:00Z,COCP,0.02
2020-08-04T04:00:00Z,COCP,0.02
2020-11-25T05:00:00Z,COCP,0.02
2020-11-27T05:00:00Z,COCP,0.02
2021-01-20T05:00:00Z,COCP,0.02
2021-05-05T04:00:00Z,COCP,0.02
2019-11-11T05:00:00Z,BRN,-0.16
2019-12-02T05:00:00Z,BRN,0.02
2019-12-20T05:00:00Z,BRN,0.02
2019-12-26T05:00:00Z,BRN,0.02
2020-02-12T05:00:00Z,BRN,0.02
2020-03-20T04:00:00Z,BRN,0.02
2020-04-01T04:00:00Z,BRN,0.02
2020-06-24T04:00:00Z,BRN,0.02
2020-12-22T05:00:00Z,BRN,-0.151079
2020-12-30T05:00:00Z,BRN,0.02
2021-01-29T05:00:00Z,BRN,0.02
2021-05-04T04:00:00Z,BRN,0.02
2020-03-25T04:00:00Z,SENEA,0.02
2020-05-15T04:00:00Z,PRAA,-0.0288896
2020-11-10T05:00:00Z,RCL,0.02
2019-12-10T05:00:00Z,APTO,0.02
2021-03-25T04:00:00Z,APTO,0.02
2020-03-25T04:00:00Z,ARNC,0.02
2020-04-06T04:00:00Z,ARNC,0.02
2020-04-09T04:00:00Z,ARNC,0.02
2020-03-20T04:00:00Z,NSP,0.02
2020-03-18T04:00:00Z,SPRO,0.02
2020-09-09T04:00:00Z,SPRO,0.02
2020-01-21T05:00:00Z,APTX,0.02
2020-03-11T04:00:00Z,HNRG,0.02
2020-06-09T04:00:00Z,HNRG,0.02
2020-03-20T04:00:00Z,ELY,0.02
2020-03-25T04:00:00Z,ELY,0.02
2021-04-30T04:00:00Z,SLNG,0.02
2018-12-27T05:00:00Z,PLUG,0.02
2021-01-08T05:00:00Z,PLUG,0.02
2021-05-24T04:00:00Z,ANVS,0.02
2021-06-02T04:00:00Z,ANVS,0.02
2019-03-15T04:00:00Z,DXPE,-0.0494377
2020-11-10T05:00:00Z,DXPE,0.02
2020-05-04T04:00:00Z,MCHX,-0.190722
2019-03-04T05:00:00Z,AUMN,0.02
2020-03-09T04:00:00Z,AUMN,-0.178571
2020-11-19T05:00:00Z,EGY,0.02
2020-11-20T05:00:00Z,EGY,0.02
2018-09-28T04:00:00Z,LITB,-0.210286
2018-11-08T05:00:00Z,LITB,0.02
2018-12-19T05:00:00Z,LITB,0.02
2019-03-06T05:00:00Z,LITB,0.02
2020-08-06T04:00:00Z,LITB,0.02
2020-03-16T04:00:00Z,EQT,0.02
2020-03-17T04:00:00Z,IGT,-0.306723
2020-03-25T04:00:00Z,IGT,0.02
2020-03-18T04:00:00Z,FNLC,0.02
2020-12-22T05:00:00Z,AGIO,0.02
2020-06-17T04:00:00Z,OPHC,0.02
2020-06-18T04:00:00Z,OPHC,0.02
2020-03-20T04:00:00Z,SBRA,0.02
2021-06-21T04:00:00Z,RAPT,-0.180074
2021-05-19T04:00:00Z,AUTL,-0.0850746
2020-03-20T04:00:00Z,GES,0.02
2020-06-05T04:00:00Z,LUB,0.02
2020-09-09T04:00:00Z,LUB,0.02
2020-03-20T04:00:00Z,EBIX,0.02
2020-03-25T04:00:00Z,KSS,0.02
2020-08-31T04:00:00Z,NTNX,0.02
2019-07-05T04:00:00Z,KPTI,0.02
2020-03-03T05:00:00Z,KPTI,0.02
2020-12-08T05:00:00Z,AIV,-0.0261176
2020-03-25T04:00:00Z,TPL,0.02
2020-10-07T04:00:00Z,TACT,0.02
2020-03-20T04:00:00Z,MG,0.02
2021-01-28T05:00:00Z,IRBT,0.02
2018-09-25T04:00:00Z,AMRN,0.02
2021-01-07T05:00:00Z,LC,0.02
2021-07-30T04:00:00Z,LC,0.02
2020-11-10T05:00:00Z,CPA,0.02
2018-06-11T04:00:00Z,SFIX,0.02
2019-03-19T04:00:00Z,SFIX,-0.0927866
2020-12-09T05:00:00Z,SFIX,0.02
2020-04-08T04:00:00Z,MRSN,0.02
2020-05-28T04:00:00Z,MRSN,0.02
2020-09-16T04:00:00Z,MRSN,0.02
2019-03-18T04:00:00Z,AVID,0.02
2021-05-07T04:00:00Z,AVID,0.02
2019-03-15T04:00:00Z,CLNE,0.02
2020-03-16T04:00:00Z,CLNE,0.02
2020-07-09T04:00:00Z,CLNE,0.02
2020-12-01T05:00:00Z,CLNE,-0.152216
2020-12-23T05:00:00Z,CLNE,0.02
2021-02-09T05:00:00Z,CLNE,0.02
2021-06-16T04:00:00Z,CLNE,-0.155485
2020-01-22T05:00:00Z,APT,0.02
2020-02-03T05:00:00Z,APT,-0.174581
2020-02-25T05:00:00Z,APT,0.02
2020-02-26T05:00:00Z,APT,0.02
2020-02-28T05:00:00Z,APT,0.02
2020-04-02T04:00:00Z,APT,0.02
2021-07-20T04:00:00Z,APT,0.02
2020-03-20T04:00:00Z,DAN,0.02
2020-05-04T04:00:00Z,OSW,0.02
2020-11-16T05:00:00Z,OSW,0.02
2019-03-05T05:00:00Z,ASND,0.02
2018-08-23T04:00:00Z,EXAS,0.02
2020-03-20T04:00:00Z,EXAS,0.02
2020-09-25T04:00:00Z,EXAS,0.02
2020-03-18T04:00:00Z,CDE,0.02
2018-09-19T04:00:00Z,XBIT,-0.1375
2019-12-10T05:00:00Z,XBIT,0.02
2020-01-15T05:00:00Z,XBIT,0.02
2018-06-12T04:00:00Z,NNDM,0.02
2019-10-23T04:00:00Z,NNDM,0.02
2020-04-06T04:00:00Z,NNDM,-0.382609
2020-04-14T04:00:00Z,NNDM,0.02
2020-04-16T04:00:00Z,NNDM,0.02
2020-05-20T04:00:00Z,NNDM,0.02
2020-09-30T04:00:00Z,NNDM,0.02
2020-10-02T04:00:00Z,NNDM,0.02
2020-11-06T05:00:00Z,NNDM,0.02
2020-03-20T04:00:00Z,CDR,0.02
2020-04-02T04:00:00Z,CDR,-0.404035
2020-06-04T04:00:00Z,CDR,0.02
2020-03-19T04:00:00Z,CBNK,0.02
2018-06-19T04:00:00Z,GEVO,0.02
2018-06-26T04:00:00Z,GEVO,-0.58671
2020-04-29T04:00:00Z,GEVO,0.02
2020-07-07T04:00:00Z,GEVO,0.02
2020-08-21T04:00:00Z,GEVO,0.02
2020-11-24T05:00:00Z,GEVO,0.02
2020-12-28T05:00:00Z,GEVO,0.02
2021-01-05T05:00:00Z,GEVO,-0.154902
2021-01-20T05:00:00Z,GEVO,0.02
2021-01-26T05:00:00Z,GEVO,0.02
2020-03-20T04:00:00Z,AVRO,0.02
2021-08-04T04:00:00Z,DAO,-0.0967442
2020-03-23T04:00:00Z,DCP,0.02
2020-04-24T04:00:00Z,DCP,0.02
2020-03-26T04:00:00Z,CIB,0.02
2020-01-14T05:00:00Z,ADAP,0.02
2020-06-01T04:00:00Z,ADAP,0.02
2021-03-22T04:00:00Z,AE,0.02
2020-03-18T04:00:00Z,MPX,0.02
2020-04-09T04:00:00Z,AR,0.02
2020-06-09T04:00:00Z,AR,0.02
2021-04-06T04:00:00Z,GROW,0.02
2020-03-20T04:00:00Z,FNB,0.02
2021-07-15T04:00:00Z,NECB,0.02
2019-06-14T04:00:00Z,RRGB,0.02
2020-03-20T04:00:00Z,RRGB,0.02
2020-03-24T04:00:00Z,RRGB,0.02
2020-04-07T04:00:00Z,RRGB,0.02
2020-11-10T05:00:00Z,RRGB,0.02
2020-03-20T04:00:00Z,TPZ,0.02
2021-02-16T05:00:00Z,SUP,0.02
2019-01-08T05:00:00Z,INSM,0.02
2020-02-04T05:00:00Z,INSM,0.02
2019-01-16T05:00:00Z,VHI,0.02
2020-03-20T04:00:00Z,VHI,0.02
2019-12-13T05:00:00Z,AMRX,0.02
2020-04-07T04:00:00Z,III,0.02
2020-11-27T05:00:00Z,SWIR,0.02
2020-03-17T04:00:00Z,GFI,0.02
2019-06-21T04:00:00Z,ABUS,0.02
2019-11-01T04:00:00Z,ABUS,0.02
2019-12-30T05:00:00Z,ABUS,0.02
2020-03-20T04:00:00Z,ABUS,0.02
2020-07-24T04:00:00Z,ABUS,0.02
2018-09-28T04:00:00Z,IDN,0.02
2020-03-25T04:00:00Z,IDN,0.02
2020-04-07T04:00:00Z,IDN,0.02
2020-04-15T04:00:00Z,IDN,0.02
2020-03-16T04:00:00Z,RRC,0.02
2019-05-17T04:00:00Z,IOVA,0.02
2020-03-25T04:00:00Z,IOVA,0.02
2020-06-15T04:00:00Z,PHX,-0.297913
2019-05-03T04:00:00Z,DMRC,0.02
2020-09-30T04:00:00Z,DMRC,0.02
2020-03-25T04:00:00Z,GDEN,0.02
2020-04-29T04:00:00Z,CVET,0.02
2020-03-20T04:00:00Z,PRFT,0.02
2020-03-20T04:00:00Z,BBSI,0.02
2018-06-25T04:00:00Z,SLDB,0.02
2019-07-29T04:00:00Z,SLDB,0.02
2019-08-19T04:00:00Z,SLDB,0.02
2020-03-16T04:00:00Z,SLDB,0.02
2020-10-02T04:00:00Z,SLDB,0.02
2020-12-14T05:00:00Z,SLDB,0.02
2021-02-24T05:00:00Z,SLDB,0.02
2021-03-03T05:00:00Z,SLDB,0.02
2019-03-21T04:00:00Z,SRNE,0.02
2019-03-22T04:00:00Z,SRNE,0.02
2019-11-26T05:00:00Z,SRNE,0.02
2020-01-13T05:00:00Z,SRNE,0.02
2020-05-22T04:00:00Z,SRNE,-0.493
2020-08-17T04:00:00Z,SRNE,-0.330382
2021-01-28T05:00:00Z,SRNE,0.02
2020-02-24T05:00:00Z,EGO,0.02
2020-03-26T04:00:00Z,RDN,-0.0959452
2019-04-11T04:00:00Z,FEDU,0.02
2020-02-06T05:00:00Z,FEDU,0.02
2021-02-05T05:00:00Z,FEDU,0.02
2021-03-29T04:00:00Z,FEDU,0.02
2020-04-23T04:00:00Z,IMUX,0.02
2020-08-04T04:00:00Z,IMUX,0.02
2020-03-13T04:00:00Z,ORGO,0.02
2020-06-04T04:00:00Z,ORGO,-0.14405
2021-01-19T05:00:00Z,ORGO,0.02
2020-03-20T04:00:00Z,KINS,0.02
2020-04-09T04:00:00Z,BIOL,0.02
2020-05-26T04:00:00Z,BIOL,0.02
2020-06-12T04:00:00Z,BIOL,-0.196615
2020-12-29T05:00:00Z,BIOL,0.02
2021-01-13T05:00:00Z,BIOL,0.02
2021-01-27T05:00:00Z,BIOL,0.02
2021-04-15T04:00:00Z,BIOL,-0.2235
2020-03-25T04:00:00Z,GPS,0.02
2020-03-20T04:00:00Z,GOOD,0.02
2019-12-11T05:00:00Z,ALLK,-0.0871725
2019-11-04T05:00:00Z,BGNE,0.02
2021-03-08T05:00:00Z,PRPL,0.02
2019-03-19T04:00:00Z,SELB,0.02
2019-12-20T05:00:00Z,SELB,0.02
2020-03-20T04:00:00Z,SELB,-0.210046
2020-12-09T05:00:00Z,PERI,0.02
2021-01-04T05:00:00Z,IPI,0.02
2018-07-16T04:00:00Z,ISR,-0.180442
2020-12-10T05:00:00Z,ISR,-0.135918
2021-01-08T05:00:00Z,ISR,0.02
2021-01-12T05:00:00Z,ISR,0.02
2020-05-28T04:00:00Z,NTP,0.02
2019-03-01T05:00:00Z,TGTX,0.02
2019-12-10T05:00:00Z,TGTX,0.02
2020-03-25T04:00:00Z,TGTX,0.02
2020-05-06T04:00:00Z,TGTX,0.02
2020-12-11T05:00:00Z,TGTX,0.02
2020-03-26T04:00:00Z,CVGI,0.02
2020-05-06T04:00:00Z,CVGI,-0.375
2020-06-03T04:00:00Z,CVGI,-0.166102
2020-01-29T05:00:00Z,PIRS,0.02
2020-03-16T04:00:00Z,PIRS,0.02
2021-05-26T04:00:00Z,PIRS,0.02
2020-08-06T04:00:00Z,SPNE,0.02
2019-08-15T04:00:00Z,JAKK,0.02
2020-04-06T04:00:00Z,JAKK,-0.329378
2020-04-14T04:00:00Z,JAKK,0.02
2020-06-04T04:00:00Z,JAKK,0.02
2020-06-19T04:00:00Z,JAKK,-0.324444
2020-07-01T04:00:00Z,JAKK,-0.299065
2020-07-13T04:00:00Z,JAKK,0.02
2021-01-21T05:00:00Z,MTRX,-0.129921
2020-08-11T04:00:00Z,MCRB,0.02
2020-03-09T04:00:00Z,TGNA,0.02
2020-03-03T05:00:00Z,NCNA,0.02
2020-03-04T05:00:00Z,NCNA,0.02
2020-05-28T04:00:00Z,NCNA,-0.137602
2020-03-17T04:00:00Z,NUGT,0.02
2020-03-18T04:00:00Z,NUGT,0.02
2020-03-25T04:00:00Z,NUGT,0.02
2020-04-30T04:00:00Z,NUGT,-0.104396
2019-03-07T05:00:00Z,NH,0.02
2019-03-08T05:00:00Z,NH,0.02
2020-01-29T05:00:00Z,NH,0.02
2020-02-13T05:00:00Z,NH,-0.121212
2020-06-16T04:00:00Z,NH,0.02
2020-06-25T04:00:00Z,NH,0.02
2020-03-18T04:00:00Z,UNTY,0.02
2020-03-26T04:00:00Z,UNTY,-0.272896
2020-03-20T04:00:00Z,TPX,0.02
2020-03-20T04:00:00Z,TSC,0.02
2020-03-27T04:00:00Z,RNWK,0.02
2020-05-28T04:00:00Z,RNWK,0.02
2021-02-23T05:00:00Z,RNWK,0.02
2020-03-18T04:00:00Z,TALO,0.02
2020-03-18T04:00:00Z,AGI,0.02
2020-11-10T05:00:00Z,ATRO,0.02
2021-05-10T04:00:00Z,VEL,0.02
2020-03-20T04:00:00Z,OKE,0.02
2019-01-03T05:00:00Z,AP,0.02
2020-03-19T04:00:00Z,AP,-0.321875
2020-04-09T04:00:00Z,AP,-0.116564
2020-06-24T04:00:00Z,CYCN,0.02
2021-02-05T05:00:00Z,CYCN,0.02
2021-06-09T04:00:00Z,CYCN,0.02
2020-03-20T04:00:00Z,OHI,0.02
2018-08-29T04:00:00Z,AFMD,0.02
2018-08-08T04:00:00Z,NGVC,0.02
2018-11-19T05:00:00Z,NGVC,0.02
2019-08-05T04:00:00Z,NGVC,0.02
2020-05-15T04:00:00Z,NGVC,-0.0364721
2020-04-28T04:00:00Z,CHS,0.02
2020-12-29T05:00:00Z,CHS,0.02
2021-03-09T05:00:00Z,CHS,0.02
2021-01-28T05:00:00Z,QTT,-0.239905
2021-02-12T05:00:00Z,QTT,0.02
2018-10-22T04:00:00Z,FTFT,0.02
2019-01-15T05:00:00Z,FTFT,0.02
2019-04-12T04:00:00Z,FTFT,0.02
2020-03-26T04:00:00Z,FTFT,0.02
2020-07-15T04:00:00Z,FTFT,0.02
2020-11-30T05:00:00Z,FTFT,0.02
2021-01-08T05:00:00Z,FTFT,0.02
2021-01-11T05:00:00Z,FTFT,0.02
2021-02-16T05:00:00Z,FTFT,0.02
2020-05-11T04:00:00Z,MNTX,0.02
2020-11-10T05:00:00Z,SLG,0.02
2020-09-09T04:00:00Z,ZM,-0.125188
2020-03-25T04:00:00Z,TEN,0.02
2020-03-16T04:00:00Z,SOXL,0.02
2020-03-25T04:00:00Z,SOXL,0.02
2020-04-09T04:00:00Z,SOXL,0.02
2020-03-16T04:00:00Z,DPST,0.02
2020-03-25T04:00:00Z,DPST,0.02
2020-03-27T04:00:00Z,DPST,0.02
2020-04-20T04:00:00Z,DPST,0.02
2020-04-24T04:00:00Z,DPST,0.02
2020-05-21T04:00:00Z,DPST,0.02
2020-11-10T05:00:00Z,DPST,0.02
2019-03-29T04:00:00Z,DRIO,-0.0901235
2019-12-04T05:00:00Z,DRIO,0.02
2020-04-28T04:00:00Z,DRIO,0.02
2020-08-03T04:00:00Z,DRIO,0.02
2020-08-06T04:00:00Z,DRIO,0.02
2019-03-26T04:00:00Z,CPRX,0.02
2019-12-19T05:00:00Z,PHAS,0.02
2019-12-20T05:00:00Z,PHAS,0.02
2020-04-15T04:00:00Z,PHAS,0.02
2020-06-01T04:00:00Z,PHAS,0.02
2020-03-13T04:00:00Z,SQQQ,0.02
2020-03-17T04:00:00Z,SQQQ,0.02
2020-08-19T04:00:00Z,SQQQ,0.02
2019-11-06T05:00:00Z,LOCO,0.02
2018-07-10T04:00:00Z,ADMP,-0.21
2019-10-24T04:00:00Z,ADMP,0.02
2019-11-07T05:00:00Z,ADMP,0.02
2020-07-21T04:00:00Z,ADMP,0.02
2020-07-30T04:00:00Z,ADMP,0.02
2021-01-21T05:00:00Z,ADMP,0.02
2021-01-26T05:00:00Z,ADMP,0.02
2021-05-05T04:00:00Z,ADMP,0.02
2021-06-07T04:00:00Z,ADMP,0.02
2019-11-27T05:00:00Z,ASLN,0.02
2019-11-29T05:00:00Z,ASLN,0.02
2019-12-02T05:00:00Z,ASLN,0.02
2019-12-03T05:00:00Z,ASLN,0.02
2020-04-14T04:00:00Z,ASLN,0.02
2021-02-26T05:00:00Z,ASLN,0.02
2020-03-18T04:00:00Z,TG,0.02
2020-12-04T05:00:00Z,TG,0.02
2020-01-08T05:00:00Z,APA,0.02
2020-03-25T04:00:00Z,APA,0.02
2020-03-26T04:00:00Z,ARI,0.02
2020-03-27T04:00:00Z,ARI,0.02
2021-03-22T04:00:00Z,TIL,0.02
2020-03-26T04:00:00Z,MFA,0.02
2020-03-27T04:00:00Z,MFA,0.02
2020-04-09T04:00:00Z,MFA,0.02
2020-03-16T04:00:00Z,SXC,0.02
2020-11-10T05:00:00Z,XHR,0.02
2020-03-20T04:00:00Z,BCML,0.02
2020-11-10T05:00:00Z,JWN,0.02
2020-03-16T04:00:00Z,MESA,0.02
2020-03-27T04:00:00Z,MESA,0.02
2021-02-11T05:00:00Z,MESA,0.02
2020-03-26T04:00:00Z,AFL,0.02
2019-05-17T04:00:00Z,ADVM,0.02
2020-03-16T04:00:00Z,ADVM,0.02
2020-05-06T04:00:00Z,ADVM,0.02
2020-03-31T04:00:00Z,ECOM,-0.064433
2020-07-27T04:00:00Z,ECOM,0.02
2020-03-20T04:00:00Z,AJX,0.02
2020-04-02T04:00:00Z,AJX,-0.393981
2020-03-20T04:00:00Z,SACH,0.02
2020-08-10T04:00:00Z,HCI,0.02
2021-03-02T05:00:00Z,HCI,0.02
2020-03-20T04:00:00Z,NVTA,0.02
2020-06-23T04:00:00Z,NVTA,0.02
2021-02-10T05:00:00Z,HEPA,0.02
2019-11-11T05:00:00Z,TRUE,0.02
2020-08-10T04:00:00Z,TRUE,0.02
2020-03-25T04:00:00Z,NCLH,0.02
2020-04-30T04:00:00Z,NCLH,0.02
2020-03-20T04:00:00Z,RDNT,0.02
2020-03-26T04:00:00Z,CTSO,0.02
2018-07-03T04:00:00Z,BLFS,0.02
2020-03-25T04:00:00Z,CSTM,0.02
2021-01-22T05:00:00Z,COHR,0.02
2018-12-24T05:00:00Z,CDXC,0.02
2020-10-07T04:00:00Z,CDXC,0.02
2021-03-04T05:00:00Z,CDXC,-0.52668
2019-02-04T05:00:00Z,ESI,0.02
2020-06-19T04:00:00Z,ISEE,0.02
2020-03-20T04:00:00Z,EPR,0.02
2020-03-25T04:00:00Z,EPR,0.02
2020-03-26T04:00:00Z,EPR,0.02
2020-11-16T05:00:00Z,EPR,-0.0651719
2020-06-01T04:00:00Z,AGEN,0.02
2020-03-18T04:00:00Z,DZSI,0.02
2018-09-11T04:00:00Z,NCTY,-0.153333
2018-10-22T04:00:00Z,NCTY,0.02
2019-03-05T05:00:00Z,NCTY,0.02
2020-06-16T04:00:00Z,NCTY,0.02
2020-06-25T04:00:00Z,NCTY,0.02
2020-10-20T04:00:00Z,NCTY,0.02
2020-12-01T05:00:00Z,NCTY,-0.232323
2020-12-31T05:00:00Z,NCTY,0.02
2021-01-05T05:00:00Z,NCTY,0.02
2021-01-06T05:00:00Z,NCTY,0.02
2021-01-07T05:00:00Z,NCTY,0.02
2021-02-03T05:00:00Z,NCTY,0.02
2021-02-03T05:00:00Z,NCTY,0.02
2021-02-10T05:00:00Z,NCTY,0.02
2021-02-17T05:00:00Z,NCTY,0.02
2021-02-22T05:00:00Z,NCTY,0.02
2021-03-02T05:00:00Z,NCTY,0.02
2021-03-10T05:00:00Z,NCTY,0.02
2021-06-10T04:00:00Z,NCTY,0.02
2021-07-27T04:00:00Z,NCTY,0.02
2019-09-10T04:00:00Z,ENDP,0.02
2019-09-11T04:00:00Z,ENDP,0.02
2020-03-20T04:00:00Z,ENDP,0.02
2019-01-31T05:00:00Z,EYEN,0.02
2019-02-11T05:00:00Z,EYEN,0.02
2020-08-12T04:00:00Z,EYEN,0.02
2019-05-13T04:00:00Z,CTHR,0.02
2020-03-20T04:00:00Z,CAPL,0.02
2018-08-10T04:00:00Z,IDRA,0.02
2021-06-23T04:00:00Z,IDRA,0.02
2019-11-08T05:00:00Z,REI,0.02
2020-06-15T04:00:00Z,REI,-0.251256
2021-02-09T05:00:00Z,REI,0.02
2021-02-25T05:00:00Z,REI,0.02
2020-03-18T04:00:00Z,OPRX,0.02
2020-03-31T04:00:00Z,CARS,0.02
2020-10-22T04:00:00Z,CARS,-0.120638
2020-04-03T04:00:00Z,UCO,0.02
2020-04-06T04:00:00Z,UCO,0.02
2020-04-22T04:00:00Z,UCO,0.02
2020-03-25T04:00:00Z,SEAS,0.02
2020-03-18T04:00:00Z,GTYH,0.02
2020-03-31T04:00:00Z,GTYH,-0.111984
2020-03-25T04:00:00Z,GPP,0.02
2020-03-30T04:00:00Z,GPP,0.02
2019-03-04T05:00:00Z,PBYI,0.02
2020-02-05T05:00:00Z,PBYI,0.02
2020-02-06T05:00:00Z,PBYI,0.02
2018-06-08T04:00:00Z,ONTX,0.02
2018-10-03T04:00:00Z,ONTX,-0.160533
2019-11-29T05:00:00Z,ONTX,0.02
2019-12-03T05:00:00Z,ONTX,0.02
2019-12-30T05:00:00Z,ONTX,0.02
2020-07-21T04:00:00Z,ONTX,0.02
2020-07-22T04:00:00Z,ONTX,0.02
2020-09-21T04:00:00Z,ONTX,0.02
2020-12-02T05:00:00Z,ONTX,0.02
2021-01-06T05:00:00Z,ONTX,0.02
2021-05-19T04:00:00Z,ONTX,0.02
2021-05-28T04:00:00Z,ONTX,-0.264835
2018-11-09T05:00:00Z,LCI,0.02
2019-07-29T04:00:00Z,LCI,-0.2046
2019-08-29T04:00:00Z,LCI,0.02
2020-03-24T04:00:00Z,APPF,0.0128768
2021-01-20T05:00:00Z,DTIL,0.02
2020-04-21T04:00:00Z,TROX,0.02
2019-08-22T04:00:00Z,SPTN,-0.0336497
2020-10-16T04:00:00Z,SPTN,-0.039261
2020-03-18T04:00:00Z,NWN,0.02
2020-04-24T04:00:00Z,RDI,-0.140436
2021-04-28T04:00:00Z,NTWK,0.02
2019-01-16T05:00:00Z,APRN,0.02
2019-07-17T04:00:00Z,APRN,0.02
2020-03-17T04:00:00Z,APRN,0.02
2020-03-18T04:00:00Z,APRN,0.02
2020-03-19T04:00:00Z,APRN,0.02
2020-06-02T04:00:00Z,APRN,0.02
2021-01-27T05:00:00Z,APRN,0.02
2021-01-28T05:00:00Z,APRN,0.02
2020-08-03T04:00:00Z,ISDR,0.02
2020-03-25T04:00:00Z,CMPR,0.02
2020-03-11T04:00:00Z,NAT,0.02
2020-03-25T04:00:00Z,NAT,0.02
2019-02-05T05:00:00Z,BTX,-0.216561
2021-04-09T04:00:00Z,BTX,0.02
2021-04-12T04:00:00Z,BTX,0.02
2021-04-20T04:00:00Z,BTX,0.02
2021-04-22T04:00:00Z,BTX,0.02
2021-04-23T04:00:00Z,BTX,0.02
2021-04-26T04:00:00Z,BTX,0.02
2021-04-28T04:00:00Z,BTX,0.02
2021-04-29T04:00:00Z,BTX,0.02
2021-05-03T04:00:00Z,BTX,0.02
2021-05-04T04:00:00Z,BTX,0.02
2021-01-08T05:00:00Z,CHNG,0.02
2021-07-13T04:00:00Z,AYLA,0.02
2018-12-21T05:00:00Z,WKHS,0.02
2019-05-09T04:00:00Z,WKHS,0.02
2019-11-08T05:00:00Z,WKHS,0.02
2020-06-30T04:00:00Z,WKHS,0.02
2021-01-27T05:00:00Z,WKHS,0.02
2021-06-04T04:00:00Z,WKHS,0.02
2020-03-20T04:00:00Z,BKEPP,0.02
2020-03-25T04:00:00Z,UMDD,0.02
2019-07-18T04:00:00Z,NLS,0.02
2019-10-24T04:00:00Z,NLS,0.02
2020-01-10T05:00:00Z,NLS,0.02
2020-02-25T05:00:00Z,NLS,0.02
2020-03-26T04:00:00Z,NLS,0.02
2020-04-13T04:00:00Z,NLS,0.02
2020-04-14T04:00:00Z,NLS,0.02
2020-05-21T04:00:00Z,KRNT,0.02
2021-06-29T04:00:00Z,NTLA,0.02
2018-12-11T05:00:00Z,CFMS,-0.259797
2019-02-19T05:00:00Z,CFMS,0.02
2020-03-20T04:00:00Z,CFMS,0.02
2020-03-16T04:00:00Z,PDCE,0.02
2020-03-20T04:00:00Z,PDCE,0.02
2020-04-07T04:00:00Z,PDCE,0.02
2020-04-07T04:00:00Z,LE,0.02
2020-05-20T04:00:00Z,CPG,0.02
2020-05-06T04:00:00Z,PTEN,-0.234501
2020-03-20T04:00:00Z,AHT,0.02
2020-06-09T04:00:00Z,AHT,0.02
2020-07-07T04:00:00Z,AHT,-0.21464
2020-09-29T04:00:00Z,AHT,0.02
2020-11-10T05:00:00Z,AHT,0.02
2020-11-16T05:00:00Z,AHT,0.02
2021-01-05T05:00:00Z,AHT,-0.196667
2021-04-29T04:00:00Z,AHT,0.02
2021-07-21T04:00:00Z,AHT,0.02
2018-12-10T05:00:00Z,NM,0.02
2020-12-01T05:00:00Z,NM,0.02
2021-02-01T05:00:00Z,NM,0.02
2021-03-17T04:00:00Z,NM,0.02
2021-03-08T05:00:00Z,BCOW,0.02
2020-03-20T04:00:00Z,AB,0.02
2020-03-16T04:00:00Z,UPRO,0.02
2020-03-25T04:00:00Z,UPRO,0.02
2020-03-18T04:00:00Z,SAMG,0.02
2019-03-05T05:00:00Z,ATEC,0.02
2020-10-09T04:00:00Z,ATEC,0.02
2020-06-15T04:00:00Z,CBAT,-0.20625
2020-07-07T04:00:00Z,CBAT,0.02
2020-09-15T04:00:00Z,CBAT,0.02
2020-09-25T04:00:00Z,CBAT,0.02
2020-10-02T04:00:00Z,CBAT,0.02
2020-10-02T04:00:00Z,CBAT,0.02
2020-10-06T04:00:00Z,CBAT,0.02
2020-11-16T05:00:00Z,CBAT,0.02
2020-11-17T05:00:00Z,CBAT,0.02
2020-03-17T04:00:00Z,JNUG,0.02
2020-03-18T04:00:00Z,JNUG,0.02
2020-03-25T04:00:00Z,JNUG,0.02
2018-11-08T05:00:00Z,FTK,0.02
2019-01-14T05:00:00Z,FTK,0.02
2020-06-15T04:00:00Z,FTK,-0.306122
2019-02-25T05:00:00Z,BOOM,0.02
2019-05-24T04:00:00Z,CIR,0.02
2020-06-02T04:00:00Z,CIR,0.02
2019-01-10T05:00:00Z,DBD,0.02
2020-03-18T04:00:00Z,DBD,0.02
2020-04-24T04:00:00Z,SSKN,0.02
2020-08-19T04:00:00Z,SSKN,-0.0111732
2021-03-10T05:00:00Z,LCTX,0.02
2021-06-08T04:00:00Z,LCTX,-0.0833333
2020-03-20T04:00:00Z,SCM,0.02
2020-03-25T04:00:00Z,SCM,0.02
2020-03-16T04:00:00Z,GPOR,0.02
2020-04-22T04:00:00Z,GPOR,0.02
2020-06-09T04:00:00Z,GPOR,0.02
2020-03-26T04:00:00Z,BANF,0.02
2020-06-03T04:00:00Z,STNE,0.02
2020-03-06T05:00:00Z,OSG,0.02
2020-03-16T04:00:00Z,OSG,0.02
2021-07-12T04:00:00Z,OSG,-0.0659722
2020-03-27T04:00:00Z,ORC,0.02
2020-04-09T04:00:00Z,ORC,0.02
2020-03-04T05:00:00Z,OMER,0.02
2020-12-09T05:00:00Z,IGMS,0.02
2020-02-12T05:00:00Z,CEIX,-0.330777
2020-03-18T04:00:00Z,CEIX,0.02
2020-04-13T04:00:00Z,CEIX,0.02
2020-05-01T04:00:00Z,CEIX,0.02
2020-03-25T04:00:00Z,MHO,0.02
2020-03-16T04:00:00Z,OPK,0.02
2020-07-31T04:00:00Z,TGB,-0.231686
2019-11-15T05:00:00Z,FARM,-0.0669168
2020-03-25T04:00:00Z,ETTX,-0.475728
2020-06-08T04:00:00Z,ARL,0.02
2020-03-24T04:00:00Z,CNTY,0.02
2020-03-25T04:00:00Z,CNTY,0.02
2020-03-16T04:00:00Z,FUN,0.02
2019-01-07T05:00:00Z,HZN,0.02
2020-03-25T04:00:00Z,WY,0.02
2020-03-18T04:00:00Z,VRTV,0.02
2020-06-05T04:00:00Z,VRTV,0.02
2020-03-25T04:00:00Z,AER,0.02
2020-11-10T05:00:00Z,AER,0.02
2020-03-19T04:00:00Z,ADUS,0.02
2020-04-14T04:00:00Z,AC,-0.149144
2020-10-29T04:00:00Z,CERE,0.02
2021-06-30T04:00:00Z,CERE,0.02
2020-07-24T04:00:00Z,BCOV,0.02
2020-03-20T04:00:00Z,OII,0.02
2020-03-25T04:00:00Z,OII,0.02
2020-11-16T05:00:00Z,OII,0.02
2019-03-27T04:00:00Z,SHIP,0.02
2020-03-26T04:00:00Z,SHIP,0.02
2020-03-30T04:00:00Z,SHIP,0.02
2020-03-31T04:00:00Z,SHIP,0.02
2020-06-24T04:00:00Z,SHIP,0.02
2020-07-01T04:00:00Z,SHIP,0.02
2020-12-07T05:00:00Z,SHIP,0.02
2021-01-12T05:00:00Z,SHIP,0.02
2021-02-16T05:00:00Z,SHIP,0.02
2020-03-20T04:00:00Z,FLL,0.02
2020-03-25T04:00:00Z,FLL,0.02
2020-04-17T04:00:00Z,KTCC,-0.0911162
2020-08-12T04:00:00Z,KTCC,-0.132979
2021-08-03T04:00:00Z,SWI,0.02
2020-03-18T04:00:00Z,SVM,0.02
2020-03-25T04:00:00Z,SVM,0.02
2021-02-02T05:00:00Z,SVM,0.02
2019-12-18T05:00:00Z,REGI,0.02
2020-03-16T04:00:00Z,REGI,0.02
2019-10-29T04:00:00Z,CLVS,0.02
2019-11-11T05:00:00Z,CLVS,0.02
2020-01-15T05:00:00Z,CLVS,0.02
2020-03-30T04:00:00Z,CLVS,0.02
2021-03-22T04:00:00Z,CLVS,0.02
2018-08-30T04:00:00Z,GKOS,0.02
2020-12-21T05:00:00Z,RUBY,-0.0499376
2021-01-28T05:00:00Z,RUBY,0.02
2021-03-05T05:00:00Z,RUBY,0.02
2021-03-16T04:00:00Z,RUBY,0.02
2021-03-26T04:00:00Z,RUBY,0.02
2020-03-25T04:00:00Z,NCMI,0.02
2020-09-08T04:00:00Z,NCMI,0.02
2020-11-10T05:00:00Z,NCMI,0.02
2020-07-01T04:00:00Z,CTRN,0.02
2021-02-17T05:00:00Z,FUTU,0.02
2020-03-25T04:00:00Z,KRP,0.02
2020-03-27T04:00:00Z,KRP,0.02
2020-02-06T05:00:00Z,SINT,-0.385714
2020-05-28T04:00:00Z,SINT,0.02
2020-06-24T04:00:00Z,SINT,0.02
2020-06-25T04:00:00Z,SINT,0.02
2020-08-05T04:00:00Z,SINT,0.02
2021-02-05T05:00:00Z,SINT,0.02
2021-02-10T05:00:00Z,SINT,0.02
2021-03-10T05:00:00Z,SINT,0.02
2020-03-20T04:00:00Z,RRR,0.02
2020-04-07T04:00:00Z,RRR,0.02
2019-07-31T04:00:00Z,LXU,0.02
2020-06-15T04:00:00Z,LXU,-0.259259
2020-08-11T04:00:00Z,LXU,0.02
2020-08-18T04:00:00Z,LXU,0.02
2020-10-14T04:00:00Z,LXU,0.02
2021-01-04T05:00:00Z,LXU,0.02
2021-07-21T04:00:00Z,LXU,0.02
2020-03-27T04:00:00Z,WMC,0.02
2020-04-08T04:00:00Z,WMC,0.02
2020-07-02T04:00:00Z,AKRO,0.02
2019-07-08T04:00:00Z,NBN,-0.126636
2020-03-20T04:00:00Z,BNFT,0.02
2020-04-30T04:00:00Z,GALT,0.02
2020-10-05T04:00:00Z,GALT,-0.27027
2021-04-07T04:00:00Z,GALT,0.02
2021-04-20T04:00:00Z,GALT,0.02
2019-11-08T05:00:00Z,PESI,0.02
2020-09-21T04:00:00Z,PRPH,0.02
2020-10-05T04:00:00Z,PRPH,0.02
2020-10-06T04:00:00Z,PRPH,0.02
2020-10-19T04:00:00Z,PRPH,0.02
2020-11-10T05:00:00Z,KIM,0.02
2018-09-12T04:00:00Z,PLXP,0.02
2018-12-31T05:00:00Z,PLXP,0.02
2019-01-03T05:00:00Z,PLXP,0.02
2019-01-09T05:00:00Z,PLXP,0.02
2019-01-11T05:00:00Z,PLXP,0.02
2019-12-27T05:00:00Z,PLXP,-0.0435685
2020-03-27T04:00:00Z,PLXP,0.02
2021-02-11T05:00:00Z,PLXP,0.02
2021-07-14T04:00:00Z,PLXP,0.02
2018-07-18T04:00:00Z,CSBR,0.02
2020-03-16T04:00:00Z,CSBR,0.02
2020-03-25T04:00:00Z,UNM,0.02
2021-08-06T04:00:00Z,SITM,0.02
2020-01-17T05:00:00Z,LPCN,0.02
2020-02-25T05:00:00Z,LPCN,0.02
2020-03-20T04:00:00Z,RADA,0.02
2020-03-16T04:00:00Z,SPXL,0.02
2020-03-25T04:00:00Z,SPXL,0.02
2020-04-17T04:00:00Z,MCFT,-0.0703218
2020-03-18T04:00:00Z,QDEL,0.02
2020-05-18T04:00:00Z,QDEL,-0.120096
2020-05-15T04:00:00Z,ALLO,0.02
2020-11-10T05:00:00Z,WYNN,0.02
2020-03-18T04:00:00Z,LILA,0.02
2020-03-25T04:00:00Z,CHUY,0.02
2021-06-29T04:00:00Z,WTT,0.02
2019-03-26T04:00:00Z,TRMD,-0.0399386
2019-04-11T04:00:00Z,TRMD,0.02
2019-06-10T04:00:00Z,TRMD,0.02
2020-04-22T04:00:00Z,TRMD,0.02
2020-06-22T04:00:00Z,TRMD,0.02
2019-01-03T05:00:00Z,ROSE,0.02
2019-08-20T04:00:00Z,ROSE,0.02
2020-03-20T04:00:00Z,ROSE,0.02
2020-03-25T04:00:00Z,ROSE,0.02
2020-04-01T04:00:00Z,ROSE,0.02
2020-06-05T04:00:00Z,ROSE,0.02
2020-06-15T04:00:00Z,ROSE,-0.236322
2020-06-17T04:00:00Z,ROSE,0.02
2020-07-07T04:00:00Z,ROSE,0.02
2020-03-20T04:00:00Z,CHCT,0.02
2020-08-05T04:00:00Z,RCKY,-0.119569
2019-02-28T05:00:00Z,TNDM,0.02
2021-01-28T05:00:00Z,NOK,0.02
2018-07-17T04:00:00Z,CODA,0.02
2020-09-14T04:00:00Z,AMRK,0.02
2020-03-20T04:00:00Z,OFS,0.02
2020-03-27T04:00:00Z,OFS,0.02
2020-08-20T04:00:00Z,AZPN,-0.0223468
2020-03-25T04:00:00Z,SWK,0.02
2020-05-06T04:00:00Z,CPS,-0.240741
2020-11-09T05:00:00Z,CPS,0.02
2020-03-25T04:00:00Z,SCVL,0.02
2020-10-22T04:00:00Z,MSP,0.02
2020-03-31T04:00:00Z,AA,-0.22807
2020-01-30T05:00:00Z,EMAN,-0.146462
2020-05-19T04:00:00Z,EMAN,-0.297195
2020-06-15T04:00:00Z,EMAN,0.02
2020-07-27T04:00:00Z,EMAN,0.02
2021-02-17T05:00:00Z,EMAN,0.02
2021-06-04T04:00:00Z,EMAN,0.02
2019-09-25T04:00:00Z,OVID,0.02
2020-06-19T04:00:00Z,OVID,0.02
2021-03-04T05:00:00Z,OVID,0.02
2020-06-11T04:00:00Z,DYAI,0.02
2021-03-29T04:00:00Z,DYAI,-0.182663
2020-08-04T04:00:00Z,ADT,0.02
2020-05-06T04:00:00Z,MRC,-0.233723
2020-01-23T05:00:00Z,CNCE,0.02
2019-09-18T04:00:00Z,ACRS,0.02
2021-01-20T05:00:00Z,ACRS,0.02
2020-03-16T04:00:00Z,MIDU,0.02
2020-03-25T04:00:00Z,MIDU,0.02
2019-03-11T04:00:00Z,AQB,0.02
2019-06-20T04:00:00Z,AQB,0.02
2020-03-03T05:00:00Z,AQB,0.02
2020-12-01T05:00:00Z,AQB,0.02
2020-12-07T05:00:00Z,AQB,0.02
2020-05-26T04:00:00Z,KALV,-0.0957702
2021-02-10T05:00:00Z,KALV,0.02
2020-05-06T04:00:00Z,RYAM,-0.146067
2020-06-04T04:00:00Z,RYAM,0.02
2020-11-25T05:00:00Z,RYAM,0.02
2020-03-11T04:00:00Z,STNG,0.02
2020-03-27T04:00:00Z,NEWT,0.02
2020-12-09T05:00:00Z,INFI,0.02
2021-02-09T05:00:00Z,INFI,0.02
2021-07-29T04:00:00Z,INFI,0.02
2021-08-05T04:00:00Z,INFI,0.02
2020-03-20T04:00:00Z,CPRI,0.02
2020-04-07T04:00:00Z,CPRI,0.02
2020-10-15T04:00:00Z,TGA,-0.115385
2020-12-04T05:00:00Z,TGA,0.02
2020-03-20T04:00:00Z,ADMA,0.02
2020-03-24T04:00:00Z,ADMA,0.02
2020-07-31T04:00:00Z,ADMA,0.02
2021-02-02T05:00:00Z,BZUN,-0.1332
2019-08-09T04:00:00Z,AOSL,0.02
2018-09-05T04:00:00Z,TA,0.02
2020-08-26T04:00:00Z,TA,0.02
2020-11-10T05:00:00Z,UE,0.02
2019-02-25T05:00:00Z,Z,0.02
2020-03-27T04:00:00Z,STWD,0.02
2019-08-09T04:00:00Z,BL,-0.0507855
2020-03-20T04:00:00Z,ACRE,0.02
2020-03-27T04:00:00Z,ACRE,0.02
2020-04-09T04:00:00Z,ACRE,0.02
2019-06-27T04:00:00Z,OSTK,0.02
2020-04-09T04:00:00Z,OSTK,0.02
2020-08-18T04:00:00Z,OSTK,0.02
2021-01-27T05:00:00Z,OSTK,0.02
2020-03-25T04:00:00Z,TPH,0.02
2018-09-18T04:00:00Z,NBEV,0.02
2018-09-20T04:00:00Z,NBEV,0.02
2018-09-21T04:00:00Z,NBEV,0.02
2018-10-01T04:00:00Z,NBEV,0.02
2018-10-02T04:00:00Z,NBEV,0.02
2019-04-15T04:00:00Z,NBEV,-0.153226
2020-04-21T04:00:00Z,NBEV,-0.113095
2020-07-22T04:00:00Z,NBEV,0.02
2020-03-20T04:00:00Z,AIR,0.02
2020-08-27T04:00:00Z,CRM,0.02
2020-04-29T04:00:00Z,CPE,0.02
2020-04-30T04:00:00Z,CPE,0.02
2020-06-08T04:00:00Z,CPE,0.02
2020-06-09T04:00:00Z,CPE,0.02
2020-11-16T05:00:00Z,CPE,-0.0320856
2019-03-29T04:00:00Z,CLWT,0.02
2020-06-24T04:00:00Z,CLWT,-0.157746
2020-04-22T04:00:00Z,WTER,0.02
2020-07-08T04:00:00Z,WTER,0.02
2020-08-27T04:00:00Z,CTRM,0.02
2020-12-07T05:00:00Z,CTRM,0.02
2020-12-31T05:00:00Z,CTRM,0.02
2021-01-06T05:00:00Z,CTRM,0.02
2021-01-12T05:00:00Z,CTRM,0.02
2021-01-21T05:00:00Z,CTRM,0.02
2021-01-22T05:00:00Z,CTRM,0.02
2021-01-28T05:00:00Z,CTRM,0.02
2021-02-09T05:00:00Z,CTRM,0.02
2021-02-19T05:00:00Z,CTRM,-0.219355
2021-06-01T04:00:00Z,CTRM,0.02
2020-03-20T04:00:00Z,PUMP,0.02
2020-04-03T04:00:00Z,PUMP,0.02
2020-04-20T04:00:00Z,PUMP,0.02
2020-11-16T05:00:00Z,PUMP,0.02
2019-11-07T05:00:00Z,HERO,-0.00129786
2020-03-20T04:00:00Z,IMAX,0.02
2019-06-24T04:00:00Z,ARRY,-0.00344902
2020-05-18T04:00:00Z,AGFS,0.02
2021-05-25T04:00:00Z,SPCE,0.02
2021-07-02T04:00:00Z,SPCE,-0.211025
2020-03-19T04:00:00Z,HWBK,0.02
2019-04-10T04:00:00Z,CMRX,0.02
2020-04-30T04:00:00Z,CMRX,0.02
2020-12-08T05:00:00Z,CMRX,0.02
2021-01-11T05:00:00Z,CMRX,0.02
2019-09-13T04:00:00Z,CHNR,0.02
2020-03-20T04:00:00Z,CHNR,-0.307692
2020-06-15T04:00:00Z,CHNR,0.02
2020-10-07T04:00:00Z,CHNR,0.02
2021-01-21T05:00:00Z,CHNR,0.02
2018-10-02T04:00:00Z,JAGX,-0.541727
2019-03-19T04:00:00Z,JAGX,0.02
2019-04-17T04:00:00Z,JAGX,0.02
2019-05-20T04:00:00Z,JAGX,0.02
2019-06-18T04:00:00Z,JAGX,-0.426531
2019-11-13T05:00:00Z,JAGX,0.02
2020-12-01T05:00:00Z,JAGX,0.02
2020-12-02T05:00:00Z,JAGX,0.02
2020-12-24T05:00:00Z,JAGX,0.02
2021-01-05T05:00:00Z,JAGX,0.02
2021-01-08T05:00:00Z,JAGX,0.02
2021-01-11T05:00:00Z,JAGX,0.02
2021-03-15T04:00:00Z,JAGX,-0.0466102
2020-03-20T04:00:00Z,CHMI,0.02
2020-03-27T04:00:00Z,CHMI,0.02
2020-04-07T04:00:00Z,CHMI,0.02
2020-04-09T04:00:00Z,CHMI,0.02
2021-06-21T04:00:00Z,TRMR,0.02
2020-06-04T04:00:00Z,APPS,0.02
2020-08-07T04:00:00Z,APPS,0.02
2021-01-28T05:00:00Z,BBW,0.02
2020-03-23T04:00:00Z,TELL,0.02
2020-06-15T04:00:00Z,TELL,-0.35567
2020-07-22T04:00:00Z,TELL,0.02
2021-01-19T05:00:00Z,TELL,0.02
2020-03-16T04:00:00Z,REX,0.02
2019-05-08T04:00:00Z,NUS,-0.143721
2020-03-20T04:00:00Z,NUS,0.02
2020-05-08T04:00:00Z,NUS,0.02
2019-03-28T04:00:00Z,SRAX,0.02
2021-02-09T05:00:00Z,SRAX,0.02
2021-03-08T05:00:00Z,SRAX,-0.246347
2021-01-21T05:00:00Z,LAC,0.02
2021-04-05T04:00:00Z,UXIN,0.02
2021-04-26T04:00:00Z,UXIN,0.02
2021-04-29T04:00:00Z,UXIN,0.02
2018-11-29T05:00:00Z,GSM,0.02
2019-02-27T05:00:00Z,GSM,0.02
2019-12-17T05:00:00Z,GSM,0.02
2020-01-15T05:00:00Z,GSM,0.02
2020-07-13T04:00:00Z,GSM,-0.124425
2020-11-23T05:00:00Z,GSM,0.02
2020-11-24T05:00:00Z,GSM,0.02
2021-02-02T05:00:00Z,GSM,0.02
2019-01-14T05:00:00Z,ROKU,-0.103182
2019-02-25T05:00:00Z,ROKU,0.02
2019-05-10T04:00:00Z,ROKU,0.02
2020-05-27T04:00:00Z,ARGX,0.02
2020-03-16T04:00:00Z,MTDR,0.02
2020-03-20T04:00:00Z,MTDR,0.02
2020-03-25T04:00:00Z,MTDR,0.02
2020-11-16T05:00:00Z,MTDR,0.02
