Date, Open, Close, High, Low, Volume
2018-01-02T05:00:00Z,5.680000,5.910000,5.945000,5.620000,22829777
2018-01-03T05:00:00Z,5.930000,5.910000,5.980000,5.800000,17076483
2018-01-04T05:00:00Z,5.920000,5.860000,6.050000,5.790000,37444632
2018-01-05T05:00:00Z,5.730000,5.590000,5.785000,5.580000,21605706
2018-01-08T05:00:00Z,5.620000,5.730000,5.740000,5.490000,16130972
2018-01-09T05:00:00Z,5.760000,5.710000,5.880000,5.690000,25423772
2018-01-10T05:00:00Z,5.760000,5.410000,5.770000,5.400000,30520345
2018-01-11T05:00:00Z,5.520000,5.520000,5.580000,5.435000,41350514
2018-01-12T05:00:00Z,5.540000,5.470000,5.570000,5.370000,40675007
2018-01-16T05:00:00Z,5.450000,5.250000,5.480000,5.210000,31030778
2018-01-17T05:00:00Z,5.280000,5.410000,5.430000,5.260000,33486989
2018-01-18T05:00:00Z,5.370000,5.230000,5.400000,5.220000,22030747
2018-01-19T05:00:00Z,5.220000,5.140000,5.260000,5.070000,21600727
2018-01-22T05:00:00Z,5.200000,5.310000,5.310000,5.180000,19204204
2018-01-23T05:00:00Z,5.400000,5.540000,5.560000,5.370000,30367935
2018-01-24T05:00:00Z,5.550000,5.300000,5.590000,5.270000,36284035
2018-01-25T05:00:00Z,5.360000,5.040000,5.370000,5.010000,42086147
2018-01-26T05:00:00Z,5.080000,5.000000,5.120000,4.970000,35122391
2018-01-29T05:00:00Z,4.940000,4.750000,4.950000,4.630000,43653955
2018-01-30T05:00:00Z,4.650000,4.450000,4.740000,4.370000,46296222
2018-01-31T05:00:00Z,4.400000,4.240000,4.430000,4.160000,36711825
2018-02-01T05:00:00Z,4.090000,4.220000,4.280000,4.050000,31901553
2018-02-02T05:00:00Z,4.160000,4.050000,4.210000,4.000000,26297413
2018-02-05T05:00:00Z,3.970000,3.850000,4.140000,3.770000,32399297
2018-02-06T05:00:00Z,3.750000,3.940000,3.985000,3.700000,30287568
2018-02-07T05:00:00Z,4.010000,3.600000,4.010000,3.600000,24786107
2018-02-08T05:00:00Z,3.860000,3.640000,3.970000,3.590000,55020534
2018-02-09T05:00:00Z,3.670000,3.690000,3.750000,3.420000,43003668
2018-02-12T05:00:00Z,3.710000,3.650000,3.760000,3.570000,22351327
2018-02-13T05:00:00Z,3.630000,3.550000,3.715000,3.520000,17971041
2018-02-14T05:00:00Z,3.490000,3.670000,3.790000,3.450000,31697544
2018-02-15T05:00:00Z,3.740000,3.710000,3.770000,3.540000,29948693
2018-02-16T05:00:00Z,3.710000,3.580000,3.750000,3.560000,15300195
2018-02-20T05:00:00Z,3.630000,3.660000,3.815000,3.620000,17998362
2018-02-21T05:00:00Z,3.690000,3.500000,3.730000,3.500000,17190092
2018-02-22T05:00:00Z,3.570000,3.690000,3.875000,3.550000,29664181
2018-02-23T05:00:00Z,3.750000,3.740000,3.830000,3.580000,24847266
2018-02-26T05:00:00Z,3.740000,3.720000,3.800000,3.640000,13065511
2018-02-27T05:00:00Z,3.720000,3.690000,3.848400,3.680000,18463938
2018-02-28T05:00:00Z,3.760000,3.570000,3.780000,3.560000,16906990
2018-03-01T05:00:00Z,3.590000,3.710000,3.720000,3.550000,23317224
2018-03-02T05:00:00Z,3.810000,4.470000,4.480000,3.740000,51886798
2018-03-05T05:00:00Z,4.430000,4.450000,4.640000,4.300000,33056956
2018-03-06T05:00:00Z,4.490000,4.400000,4.540000,4.340000,22335447
2018-03-07T05:00:00Z,4.330000,4.160000,4.400000,4.060000,24623351
2018-03-08T05:00:00Z,4.140000,4.270000,4.270000,4.140000,21317788
2018-03-09T05:00:00Z,4.270000,4.350000,4.390000,4.210000,18908551
2018-03-12T04:00:00Z,4.450000,4.520000,4.570000,4.365000,28947704
2018-03-13T04:00:00Z,4.500000,4.520000,4.590000,4.440000,19534412
2018-03-14T04:00:00Z,4.490000,4.430000,4.500000,4.370000,13948666
2018-03-15T04:00:00Z,4.460000,4.280000,4.510000,4.220000,21662591
2018-03-16T04:00:00Z,4.300000,4.460000,4.500000,4.270000,22046435
2018-03-19T04:00:00Z,4.370000,4.330000,4.450000,4.250000,16404644
2018-03-20T04:00:00Z,4.360000,4.390000,4.430000,4.320000,14013859
2018-03-21T04:00:00Z,4.400000,4.550000,4.560000,4.370000,15431363
2018-03-22T04:00:00Z,4.470000,4.370000,4.530000,4.360000,10264410
2018-03-23T04:00:00Z,4.410000,4.410000,4.590000,4.320000,15034733
2018-03-26T04:00:00Z,4.470000,4.470000,4.500000,4.220000,18330563
2018-03-27T04:00:00Z,4.450000,4.280000,4.450000,4.240000,17157636
2018-03-28T04:00:00Z,4.260000,4.320000,4.325000,4.190000,12090753
2018-03-29T04:00:00Z,4.320000,4.330000,4.430000,4.280000,18732564
2018-04-02T04:00:00Z,4.310000,4.100000,4.320000,4.040000,14350458
2018-04-03T04:00:00Z,4.100000,4.220000,4.240000,4.020000,13872824
2018-04-04T04:00:00Z,4.150000,4.290000,4.290000,4.100000,16782896
2018-04-05T04:00:00Z,4.290000,4.410000,4.430000,4.260000,12377659
2018-04-06T04:00:00Z,4.350000,4.260000,4.410000,4.180000,11835803
2018-04-09T04:00:00Z,4.270000,4.270000,4.370000,4.230000,8834350
2018-04-10T04:00:00Z,4.330000,4.440000,4.480000,4.300000,14366771
2018-04-11T04:00:00Z,4.480000,4.510000,4.580000,4.450000,11617736
2018-04-12T04:00:00Z,4.590000,4.530000,4.590000,4.430100,8732901
2018-04-13T04:00:00Z,4.540000,4.490000,4.565000,4.470000,11447261
2018-04-16T04:00:00Z,4.480000,4.430000,4.530000,4.380000,10383738
2018-04-17T04:00:00Z,4.370000,4.470000,4.520000,4.330000,15096304
2018-04-18T04:00:00Z,4.510000,4.530000,4.670000,4.500000,15491023
2018-04-19T04:00:00Z,4.600000,4.360000,4.635000,4.330000,18257797
2018-04-20T04:00:00Z,4.340000,4.250000,4.350000,4.165000,21227612
2018-04-23T04:00:00Z,4.250000,4.270000,4.290000,4.120000,13614054
2018-04-24T04:00:00Z,4.320000,4.280000,4.425000,4.270000,18324918
2018-04-25T04:00:00Z,4.260000,4.460000,4.470000,4.230000,15513712
2018-04-26T04:00:00Z,4.530000,4.520000,4.550000,4.380000,19238901
2018-04-27T04:00:00Z,4.650000,4.190000,4.660000,4.180000,28951141
2018-04-30T04:00:00Z,4.190000,4.100000,4.199200,4.010000,20594707
2018-05-01T04:00:00Z,4.100000,4.210000,4.210000,4.050000,12879564
2018-05-02T04:00:00Z,4.150000,4.210000,4.290000,4.130000,10287401
2018-05-03T04:00:00Z,4.160000,3.960000,4.240000,3.930000,22402242
2018-05-04T04:00:00Z,3.980000,4.030000,4.100000,3.910000,24076227
2018-05-07T04:00:00Z,4.070000,4.080000,4.220000,4.050000,21553748
2018-05-08T04:00:00Z,4.080000,4.160000,4.160000,3.960000,14800655
2018-05-09T04:00:00Z,4.200000,4.290000,4.420000,4.180000,19865670
2018-05-10T04:00:00Z,4.290000,4.330000,4.390000,4.250000,11018104
2018-05-11T04:00:00Z,4.340000,4.280000,4.355000,4.270000,7767784
2018-05-14T04:00:00Z,4.330000,4.420000,4.480000,4.280000,11807269
2018-05-15T04:00:00Z,4.440000,4.490000,4.530000,4.400000,12784700
2018-05-16T04:00:00Z,4.460000,4.630000,4.630000,4.450000,12685516
2018-05-17T04:00:00Z,4.650000,4.650000,4.740000,4.570000,19853282
2018-05-18T04:00:00Z,4.690000,4.520000,4.750000,4.480000,14099297
2018-05-21T04:00:00Z,4.610000,4.730000,4.740000,4.550000,14112656
2018-05-22T04:00:00Z,4.780000,4.660000,4.930000,4.650000,22755550
2018-05-23T04:00:00Z,4.640000,4.610000,4.680000,4.500000,14734785
2018-05-24T04:00:00Z,4.530000,4.450000,4.660000,4.430000,14808064
2018-05-25T04:00:00Z,4.350000,4.450000,4.460000,4.280000,11536540
2018-05-29T04:00:00Z,4.380000,4.460000,4.530000,4.360000,10675127
2018-05-30T04:00:00Z,4.480000,4.680000,4.740000,4.480000,15361392
2018-05-31T04:00:00Z,4.670000,4.730000,4.790000,4.645000,14013790
2018-06-01T04:00:00Z,4.730000,4.820000,4.910000,4.726500,13035653
2018-06-04T04:00:00Z,4.820000,4.770000,4.920000,4.670000,16315088
2018-06-05T04:00:00Z,4.740000,4.680000,4.780000,4.640000,11339198
2018-06-06T04:00:00Z,4.720000,4.700000,4.790000,4.680000,9385475
2018-06-07T04:00:00Z,4.780000,4.900000,4.920000,4.750000,14894196
2018-06-08T04:00:00Z,4.870000,4.880000,4.970000,4.745000,16714077
2018-06-11T04:00:00Z,4.940000,5.120000,5.140000,4.920000,16088393
2018-06-12T04:00:00Z,5.150000,5.110000,5.220000,5.064900,13079638
2018-06-13T04:00:00Z,5.100000,5.200000,5.260000,5.080000,14625541
2018-06-14T04:00:00Z,5.260000,5.200000,5.280000,5.120000,14947807
2018-06-15T04:00:00Z,5.170000,5.160000,5.300000,5.150000,19167070
2018-06-18T04:00:00Z,5.150000,5.310000,5.385000,5.130000,15559264
2018-06-19T04:00:00Z,5.230000,5.320000,5.330000,5.170000,12724555
2018-06-20T04:00:00Z,5.380000,5.370000,5.430000,5.260000,19222336
2018-06-21T04:00:00Z,5.330000,5.270000,5.490000,5.250000,19822297
2018-06-22T04:00:00Z,5.480000,5.470000,5.530000,5.350000,85813785
2018-06-25T04:00:00Z,5.430000,5.280000,5.520000,5.210000,20526982
2018-06-26T04:00:00Z,5.290000,5.380000,5.420000,5.190000,17291696
2018-06-27T04:00:00Z,5.460000,5.360000,5.490000,5.300000,21419652
2018-06-28T04:00:00Z,5.360000,5.350000,5.380000,5.220000,12378826
2018-06-29T04:00:00Z,5.350000,5.300000,5.470000,5.290000,14634996
2018-07-02T04:00:00Z,5.250000,5.240000,5.290000,5.150000,13823810
2018-07-03T04:00:00Z,5.320000,5.320000,5.370000,5.230000,9264578
2018-07-05T04:00:00Z,5.350000,5.320000,5.370000,5.265000,17894058
2018-07-06T04:00:00Z,5.290000,5.480000,5.490000,5.280000,11390155
2018-07-09T04:00:00Z,5.520000,5.600000,5.610000,5.450000,16772598
2018-07-10T04:00:00Z,5.640000,5.480000,5.660000,5.450000,17856124
2018-07-11T04:00:00Z,5.430000,5.470000,5.600000,5.400000,20746970
2018-07-12T04:00:00Z,5.500000,5.350000,5.520000,5.290000,15886125
2018-07-13T04:00:00Z,5.340000,5.380000,5.495000,5.290000,10125058
2018-07-16T04:00:00Z,5.280000,5.220000,5.330000,5.170000,15779279
2018-07-17T04:00:00Z,5.200000,5.240000,5.360000,5.190000,13788592
2018-07-18T04:00:00Z,5.220000,5.180000,5.225000,5.100000,13550109
2018-07-19T04:00:00Z,5.170000,5.360000,5.380000,5.140000,12708400
2018-07-20T04:00:00Z,5.370000,5.320000,5.380000,5.280000,9488491
2018-07-23T04:00:00Z,5.370000,5.290000,5.370000,5.250000,9681901
2018-07-24T04:00:00Z,5.340000,5.290000,5.410000,5.270000,12540169
2018-07-25T04:00:00Z,5.300000,5.250000,5.340000,5.190000,13008867
2018-07-26T04:00:00Z,5.290000,5.280000,5.430000,5.240000,15947760
2018-07-27T04:00:00Z,5.050000,4.950000,5.190000,4.750000,40398333
2018-07-30T04:00:00Z,4.980000,5.010000,5.050000,4.950000,10928491
2018-07-31T04:00:00Z,5.040000,5.140000,5.228400,5.000000,27353957
2018-08-01T04:00:00Z,5.060000,5.000000,5.100000,4.910000,14584555
2018-08-02T04:00:00Z,4.940000,4.900000,5.040000,4.850000,23228256
2018-08-03T04:00:00Z,5.010000,5.090000,5.190000,4.890000,27158044
2018-08-06T04:00:00Z,5.090000,5.170000,5.210000,5.070000,10949301
2018-08-07T04:00:00Z,5.230000,5.320000,5.390000,5.200000,12877349
2018-08-08T04:00:00Z,5.310000,5.430000,5.510000,5.300000,17600999
2018-08-09T04:00:00Z,5.440000,5.420000,5.580000,5.380000,16417446
2018-08-10T04:00:00Z,5.410000,5.560000,5.595000,5.385000,18125419
2018-08-13T04:00:00Z,5.530000,5.340000,5.570000,5.325000,18921993
2018-08-14T04:00:00Z,5.420000,5.440000,5.530000,5.390000,19412721
2018-08-15T04:00:00Z,5.390000,5.090000,5.390000,5.020000,26342087
2018-08-16T04:00:00Z,5.120000,5.120000,5.230000,5.100000,15364096
2018-08-17T04:00:00Z,5.120000,5.140000,5.240000,5.120000,11292912
2018-08-20T04:00:00Z,5.150000,5.240000,5.270000,5.140000,12131413
2018-08-21T04:00:00Z,5.280000,5.500000,5.510000,5.280000,18018492
2018-08-22T04:00:00Z,5.550000,5.660000,5.735000,5.530000,17664842
2018-08-23T04:00:00Z,5.610000,5.580000,5.640000,5.460000,11199037
2018-08-24T04:00:00Z,5.630000,5.660000,5.730000,5.590000,9921129
2018-08-27T04:00:00Z,5.610000,5.660000,5.730000,5.570000,10533673
2018-08-28T04:00:00Z,5.660000,5.510000,5.715000,5.480000,13529619
2018-08-29T04:00:00Z,5.520000,5.560000,5.670000,5.440000,11028575
2018-08-30T04:00:00Z,5.570000,5.600000,5.650000,5.510000,12053669
2018-08-31T04:00:00Z,5.580000,5.620000,5.630000,5.500000,10022960
2018-09-04T04:00:00Z,5.870000,5.340000,5.940000,5.290000,35528384
2018-09-05T04:00:00Z,5.300000,5.280000,5.340000,5.140000,18847553
2018-09-06T04:00:00Z,5.230000,4.970000,5.235000,4.870000,36832195
2018-09-07T04:00:00Z,4.890000,4.830000,5.000000,4.830000,24080889
2018-09-10T04:00:00Z,4.860000,4.880000,5.050000,4.770000,22165169
2018-09-11T04:00:00Z,4.860000,4.920000,5.020000,4.820000,16485222
2018-09-12T04:00:00Z,5.020000,5.070000,5.140000,4.960000,19871420
2018-09-13T04:00:00Z,5.060000,4.920000,5.100000,4.920000,15503120
2018-09-14T04:00:00Z,4.940000,4.970000,5.070000,4.930000,13458089
2018-09-17T04:00:00Z,5.000000,5.050000,5.085000,4.950000,18252030
2018-09-18T04:00:00Z,5.130000,5.180000,5.250000,5.095000,16559635
2018-09-19T04:00:00Z,5.210000,5.510000,5.540000,5.180000,24139551
2018-09-20T04:00:00Z,5.560000,5.640000,5.690000,5.480000,23176456
2018-09-21T04:00:00Z,5.660000,5.750000,5.790000,5.610000,44680538
2018-09-24T04:00:00Z,5.810000,5.730000,5.840000,5.670000,17197931
2018-09-25T04:00:00Z,5.740000,5.740000,5.810000,5.660000,15859074
2018-09-26T04:00:00Z,5.670000,5.170000,5.700000,5.160000,42912133
2018-09-27T04:00:00Z,5.220000,5.210000,5.340000,5.200000,16363954
2018-09-28T04:00:00Z,5.150000,5.110000,5.230000,5.070000,26204285
2018-10-01T04:00:00Z,5.230000,5.120000,5.230000,5.070000,20428775
2018-10-02T04:00:00Z,5.140000,5.160000,5.305000,5.120000,22269065
2018-10-03T04:00:00Z,5.190000,5.340000,5.410000,5.160000,25116026
2018-10-04T04:00:00Z,5.300000,5.270000,5.440000,5.210000,24117064
2018-10-05T04:00:00Z,5.280000,5.280000,5.320000,5.150000,15112840
2018-10-08T04:00:00Z,5.250000,5.630000,5.720000,5.205000,26364486
2018-10-09T04:00:00Z,5.650000,5.750000,5.850000,5.565000,23569915
2018-10-10T04:00:00Z,5.760000,5.500000,5.780000,5.490000,22894490
2018-10-11T04:00:00Z,5.370000,5.320000,5.570000,5.280000,22434908
2018-10-12T04:00:00Z,5.500000,5.340000,5.510000,5.238000,19167105
2018-10-15T04:00:00Z,5.410000,5.600000,5.630000,5.370000,15473568
2018-10-16T04:00:00Z,5.610000,5.670000,5.740000,5.540000,14362715
2018-10-17T04:00:00Z,5.660000,5.490000,5.730000,5.440000,25542030
2018-10-18T04:00:00Z,5.400000,5.550000,5.620000,5.400000,18247785
2018-10-19T04:00:00Z,5.550000,5.560000,5.720000,5.520000,9854496
2018-10-22T04:00:00Z,5.530000,5.370000,5.600000,5.335000,18365578
2018-10-23T04:00:00Z,5.270000,5.260000,5.330000,5.150000,14922949
2018-10-24T04:00:00Z,5.330000,4.860000,5.330000,4.850000,20800475
2018-10-25T04:00:00Z,4.950000,5.040000,5.050000,4.810000,22654418
2018-10-26T04:00:00Z,4.950000,4.940000,5.090000,4.731500,26571322
2018-10-29T04:00:00Z,4.960000,5.030000,5.205000,4.880000,28781352
2018-10-30T04:00:00Z,5.020000,5.220000,5.280000,4.993000,21980928
2018-10-31T04:00:00Z,5.280000,5.340000,5.440000,5.210000,21187077
2018-11-01T04:00:00Z,5.390000,5.480000,5.620000,5.345000,22728526
2018-11-02T04:00:00Z,5.500000,5.400000,5.520000,5.310000,17559458
2018-11-05T05:00:00Z,5.730000,5.890000,5.900000,5.600000,27404057
2018-11-06T05:00:00Z,5.880000,5.830000,5.970000,5.730000,14592638
2018-11-07T05:00:00Z,5.900000,5.810000,5.910000,5.620000,14453977
2018-11-08T05:00:00Z,5.780000,5.710000,5.920000,5.695000,17496809
2018-11-09T05:00:00Z,5.710000,5.750000,5.940000,5.620000,18874265
2018-11-12T05:00:00Z,5.850000,5.790000,5.930000,5.720000,16649540
2018-11-13T05:00:00Z,5.850000,5.820000,6.230000,5.770000,43052998
2018-11-14T05:00:00Z,6.010000,5.730000,6.080000,5.530000,33741258
2018-11-15T05:00:00Z,5.580000,5.450000,5.710000,5.420000,25017485
2018-11-16T05:00:00Z,5.460000,5.390000,5.530000,5.290000,22167656
2018-11-19T05:00:00Z,5.340000,5.400000,5.520000,5.320000,18939515
2018-11-20T05:00:00Z,5.240000,5.050000,5.280000,4.970000,26280323
2018-11-21T05:00:00Z,5.090000,5.250000,5.300000,5.080000,23881689
2018-11-23T05:00:00Z,5.070000,5.130000,5.240000,5.050000,7397843
2018-11-26T05:00:00Z,5.140000,5.050000,5.230000,5.000000,14365233
2018-11-27T05:00:00Z,5.010000,4.840000,5.079700,4.830000,19294667
2018-11-28T05:00:00Z,4.870000,4.950000,4.990000,4.760000,17090256
2018-11-29T05:00:00Z,4.940000,4.920000,5.020000,4.840000,19162945
2018-11-30T05:00:00Z,4.880000,4.820000,4.950000,4.810000,18939122
2018-12-03T05:00:00Z,4.940000,4.640000,4.960000,4.540000,31908417
2018-12-04T05:00:00Z,4.670000,4.510000,4.725000,4.480000,23660563
2018-12-06T05:00:00Z,4.390000,4.420000,4.460000,4.280000,23517716
2018-12-07T05:00:00Z,4.510000,4.390000,4.630000,4.370000,19106770
2018-12-10T05:00:00Z,4.330000,4.220000,4.440000,4.200000,19472056
2018-12-11T05:00:00Z,4.280000,4.240000,4.410000,4.230000,20973991
2018-12-12T05:00:00Z,4.270000,4.080000,4.310000,4.060000,22194886
2018-12-13T05:00:00Z,4.100000,4.150000,4.190000,4.050000,21774360
2018-12-14T05:00:00Z,4.100000,3.800000,4.150000,3.790000,26921860
2018-12-17T05:00:00Z,3.750000,3.620000,3.890000,3.610000,21921692
2018-12-18T05:00:00Z,3.660000,3.660000,3.760000,3.630000,16522008
2018-12-19T05:00:00Z,3.660000,3.590000,3.800000,3.540000,20992375
2018-12-20T05:00:00Z,3.540000,3.460000,3.680000,3.425000,24766146
2018-12-21T05:00:00Z,3.460000,3.430000,3.559900,3.420000,30170951
2018-12-24T05:00:00Z,3.360000,3.250000,3.400000,3.240000,11271146
2018-12-26T05:00:00Z,3.280000,3.660000,3.680000,3.230000,23954195
2018-12-27T05:00:00Z,3.580000,3.680000,3.680000,3.480000,19668196
2018-12-28T05:00:00Z,3.680000,3.530000,3.736600,3.490000,17809124
2018-12-31T05:00:00Z,3.570000,3.410000,3.590000,3.370000,20961661
2019-01-02T05:00:00Z,3.340000,3.720000,3.795000,3.320000,27989322
2019-01-03T05:00:00Z,3.730000,3.640000,3.795000,3.550000,21698507
2019-01-04T05:00:00Z,3.690000,3.900000,3.915000,3.670000,26338506
2019-01-07T05:00:00Z,3.950000,4.070000,4.180000,3.870000,22537302
2019-01-08T05:00:00Z,4.140000,4.110000,4.200000,4.050000,18597299
2019-01-09T05:00:00Z,4.160000,4.370000,4.370000,4.120000,22623832
2019-01-10T05:00:00Z,4.300000,4.300000,4.330000,4.120000,20156516
2019-01-11T05:00:00Z,4.260000,4.350000,4.400000,4.230000,13592676
2019-01-14T05:00:00Z,4.290000,4.380000,4.470000,4.290000,17454744
2019-01-15T05:00:00Z,4.410000,4.410000,4.490000,4.340000,12720860
2019-01-16T05:00:00Z,4.380000,4.390000,4.515000,4.360000,18338202
2019-01-17T05:00:00Z,4.350000,4.450000,4.480000,4.310000,12544453
2019-01-18T05:00:00Z,4.500000,4.590000,4.650000,4.470000,16633706
2019-01-22T05:00:00Z,4.530000,4.270000,4.550000,4.260000,17075633
2019-01-23T05:00:00Z,4.350000,4.210000,4.360000,4.140000,13490095
2019-01-24T05:00:00Z,4.210000,4.350000,4.380000,4.170000,12289413
2019-01-25T05:00:00Z,4.350000,4.530000,4.540000,4.340000,18197034
2019-01-28T05:00:00Z,4.420000,4.390000,4.470000,4.360000,12047573
2019-01-29T05:00:00Z,4.440000,4.470000,4.500000,4.390000,11722241
2019-01-30T05:00:00Z,4.480000,4.600000,4.650000,4.450000,11411886
2019-01-31T05:00:00Z,4.630000,4.370000,4.640000,4.320000,18265709
2019-02-01T05:00:00Z,4.400000,4.380000,4.430000,4.320000,13488083
2019-02-04T05:00:00Z,4.330000,4.350000,4.380000,4.210000,14932392
2019-02-05T05:00:00Z,4.340000,4.240000,4.420000,4.230000,13359206
2019-02-06T05:00:00Z,4.220000,3.980000,4.250000,3.900000,37830659
2019-02-07T05:00:00Z,3.940000,3.720000,3.960000,3.635000,31926056
2019-02-08T05:00:00Z,3.690000,3.800000,3.840000,3.690000,21353884
2019-02-11T05:00:00Z,3.800000,3.940000,3.995000,3.775000,15005151
2019-02-12T05:00:00Z,4.020000,4.010000,4.100000,4.000000,14432790
2019-02-13T05:00:00Z,4.010000,4.050000,4.130000,4.000000,15722507
2019-02-14T05:00:00Z,4.050000,4.010000,4.100000,4.000000,13604400
2019-02-15T05:00:00Z,4.060000,4.190000,4.190000,4.020000,16721848
2019-02-19T05:00:00Z,4.190000,4.170000,4.260000,4.160000,12068827
2019-02-20T05:00:00Z,4.170000,4.330000,4.360000,4.160000,12987507
2019-02-21T05:00:00Z,4.330000,4.280000,4.380000,4.255000,14511318
2019-02-22T05:00:00Z,4.340000,4.240000,4.360000,4.200000,11121196
2019-02-25T05:00:00Z,4.230000,4.410000,4.480000,4.220000,13170628
2019-02-26T05:00:00Z,4.420000,4.340000,4.560000,4.310000,13268098
2019-02-27T05:00:00Z,4.410000,4.290000,4.445000,4.280000,9592614
2019-02-28T05:00:00Z,4.330000,4.230000,4.340000,4.190000,17854813
2019-03-01T05:00:00Z,4.370000,4.550000,4.550000,4.340000,26087136
2019-03-04T05:00:00Z,4.590000,4.720000,4.779000,4.560000,22257646
2019-03-05T05:00:00Z,4.720000,4.680000,4.770000,4.600000,14935250
2019-03-06T05:00:00Z,4.640000,4.630000,4.700000,4.550000,18651015
2019-03-07T05:00:00Z,4.660000,4.420000,4.679900,4.410000,17546166
2019-03-08T05:00:00Z,4.300000,4.270000,4.350000,4.190000,17214279
2019-03-11T04:00:00Z,4.300000,4.230000,4.300000,4.130000,19143687
2019-03-12T04:00:00Z,4.260000,4.400000,4.410000,4.250000,15819988
2019-03-13T04:00:00Z,4.450000,4.470000,4.525000,4.370000,12896860
2019-03-14T04:00:00Z,4.450000,4.460000,4.540000,4.420000,10705163
2019-03-15T04:00:00Z,4.360000,4.320000,4.440000,4.280000,24961983
2019-03-18T04:00:00Z,4.360000,4.530000,4.530000,4.320000,14417163
2019-03-19T04:00:00Z,4.560000,4.360000,4.570000,4.340000,13008174
2019-03-20T04:00:00Z,4.330000,4.580000,4.620000,4.330000,18822034
2019-03-21T04:00:00Z,4.570000,4.710000,4.730000,4.560000,17592071
2019-03-22T04:00:00Z,4.620000,4.430000,4.620000,4.420000,13479849
2019-03-25T04:00:00Z,4.420000,4.470000,4.580000,4.380000,14629365
2019-03-26T04:00:00Z,4.570000,4.580000,4.700000,4.540000,20751371
2019-03-27T04:00:00Z,4.560000,4.540000,4.680000,4.470000,16597975
2019-03-28T04:00:00Z,4.530000,4.700000,4.710000,4.520000,16695812
2019-03-29T04:00:00Z,4.740000,4.690000,4.770000,4.650000,16458756
2019-04-01T04:00:00Z,4.740000,4.670000,4.765000,4.620000,13903554
2019-04-02T04:00:00Z,4.680000,4.600000,4.680000,4.545000,15724385
2019-04-03T04:00:00Z,4.610000,4.490000,4.680000,4.420000,17156926
2019-04-04T04:00:00Z,4.500000,4.650000,4.650000,4.470000,13014780
2019-04-05T04:00:00Z,4.650000,4.710000,4.730000,4.600000,12713035
2019-04-08T04:00:00Z,4.720000,4.770000,4.830000,4.720000,18456490
2019-04-09T04:00:00Z,4.770000,4.820000,4.890000,4.685000,16202427
2019-04-10T04:00:00Z,4.860000,4.730000,4.900000,4.680000,13607491
2019-04-11T04:00:00Z,4.690000,4.470000,4.715000,4.440000,24893496
2019-04-12T04:00:00Z,4.580000,4.590000,4.610000,4.510000,12776923
2019-04-15T04:00:00Z,4.560000,4.560000,4.690000,4.500000,10568265
2019-04-16T04:00:00Z,4.580000,4.580000,4.600000,4.505000,10706974
2019-04-17T04:00:00Z,4.610000,4.460000,4.620000,4.400000,15475880
2019-04-18T04:00:00Z,4.440000,4.150000,4.460000,4.130000,31266170
2019-04-22T04:00:00Z,4.240000,4.160000,4.290000,4.040000,22392239
2019-04-23T04:00:00Z,4.160000,4.150000,4.290000,4.120000,26401606
2019-04-24T04:00:00Z,4.210000,4.160000,4.220000,4.120000,15648333
2019-04-25T04:00:00Z,4.170000,4.060000,4.220000,4.020000,25529066
2019-04-26T04:00:00Z,4.260000,4.140000,4.425000,4.070000,35863131
2019-04-29T04:00:00Z,4.140000,4.120000,4.190000,4.030000,17921577
2019-04-30T04:00:00Z,4.130000,3.950000,4.140000,3.940000,18256343
2019-05-01T04:00:00Z,3.950000,3.870000,4.005000,3.850000,14684457
2019-05-02T04:00:00Z,3.810000,3.800000,3.890000,3.750000,13243467
2019-05-03T04:00:00Z,3.840000,3.930000,3.995000,3.820000,13531304
2019-05-06T04:00:00Z,3.830000,3.950000,3.990000,3.810000,12143142
2019-05-07T04:00:00Z,3.910000,4.010000,4.030000,3.890200,13757202
2019-05-08T04:00:00Z,4.000000,4.120000,4.190000,3.990000,16450906
2019-05-09T04:00:00Z,4.100000,4.160000,4.205000,4.030000,12031975
2019-05-10T04:00:00Z,4.150000,4.230000,4.245000,4.090000,9175253
2019-05-13T04:00:00Z,4.190000,3.940000,4.200000,3.920000,14460264
2019-05-14T04:00:00Z,4.010000,4.100000,4.120000,3.990000,10045493
2019-05-15T04:00:00Z,4.050000,4.100000,4.120000,4.000000,10762030
2019-05-16T04:00:00Z,4.120000,4.070000,4.150000,4.010000,15883856
2019-05-17T04:00:00Z,4.020000,3.890000,4.050000,3.890000,10993899
2019-05-20T04:00:00Z,3.880000,3.800000,3.895000,3.780000,11888026
2019-05-21T04:00:00Z,3.820000,3.950000,3.950000,3.790000,11474431
2019-05-22T04:00:00Z,3.890000,3.770000,3.910000,3.760000,11723745
2019-05-23T04:00:00Z,3.720000,3.680000,3.805000,3.560000,19654601
2019-05-24T04:00:00Z,3.710000,3.790000,3.790000,3.660000,12627886
2019-05-28T04:00:00Z,3.760000,3.630000,3.780000,3.570000,16664861
2019-05-29T04:00:00Z,3.550000,3.820000,3.830000,3.535000,16714220
2019-05-30T04:00:00Z,3.680000,3.570000,3.810000,3.560000,16155962
2019-05-31T04:00:00Z,3.470000,3.590000,3.640000,3.450000,16127276
2019-06-03T04:00:00Z,3.580000,3.690000,3.700000,3.560000,21601417
2019-06-04T04:00:00Z,3.660000,3.730000,3.830000,3.650000,14625692
2019-06-05T04:00:00Z,3.680000,3.510000,3.690000,3.355000,19239468
2019-06-06T04:00:00Z,3.470000,3.480000,3.600000,3.440000,11736003
2019-06-07T04:00:00Z,3.490000,3.500000,3.590000,3.360000,21493182
2019-06-10T04:00:00Z,3.510000,3.390000,3.610000,3.370000,15464495
2019-06-11T04:00:00Z,3.440000,3.340000,3.460000,3.280000,21987690
2019-06-12T04:00:00Z,3.280000,3.130000,3.335000,3.110000,18836463
2019-06-13T04:00:00Z,3.200000,3.210000,3.210000,3.050000,19982933
2019-06-14T04:00:00Z,3.200000,3.180000,3.280000,3.110000,17019268
2019-06-17T04:00:00Z,3.150000,3.270000,3.310000,3.115000,11419085
2019-06-18T04:00:00Z,3.290000,3.340000,3.430000,3.270000,12749594
2019-06-19T04:00:00Z,3.330000,3.190000,3.358500,3.180000,16110293
2019-06-20T04:00:00Z,3.250000,3.180000,3.400000,3.150000,27935357
2019-06-21T04:00:00Z,3.200000,3.150000,3.220000,3.110000,23399835
2019-06-24T04:00:00Z,3.160000,3.230000,3.280000,3.160000,17982319
2019-06-25T04:00:00Z,3.220000,3.030000,3.240000,3.020000,25064927
2019-06-26T04:00:00Z,3.080000,3.050000,3.160000,3.030000,16303844
2019-06-27T04:00:00Z,3.050000,3.060000,3.140000,3.020000,12478959
2019-06-28T04:00:00Z,3.080000,3.160000,3.180000,3.050000,20817094
2019-07-01T04:00:00Z,3.210000,3.060000,3.210000,3.040000,26831515
2019-07-02T04:00:00Z,3.060000,2.880000,3.060000,2.850000,29383259
2019-07-03T04:00:00Z,2.890000,2.850000,2.910000,2.830000,9106212
2019-07-05T04:00:00Z,2.860000,2.950000,2.990000,2.860000,13785185
2019-07-08T04:00:00Z,2.910000,2.820000,2.980000,2.810000,14935170
2019-07-09T04:00:00Z,2.820000,2.840000,2.870000,2.770000,11452076
2019-07-10T04:00:00Z,2.850000,2.890000,2.920000,2.810000,15543978
2019-07-11T04:00:00Z,2.900000,2.700000,2.920000,2.680000,25544314
2019-07-12T04:00:00Z,2.730000,2.720000,2.740000,2.630000,21877701
2019-07-15T04:00:00Z,2.720000,2.630000,2.740000,2.600000,14540080
2019-07-16T04:00:00Z,2.630000,2.540000,2.660000,2.490000,14502465
2019-07-17T04:00:00Z,2.550000,2.420000,2.570000,2.380000,20559500
2019-07-18T04:00:00Z,2.420000,2.410000,2.470000,2.360000,21901838
2019-07-19T04:00:00Z,2.410000,2.440000,2.465700,2.370000,14953580
2019-07-22T04:00:00Z,2.440000,2.390000,2.490000,2.380000,14176144
2019-07-23T04:00:00Z,2.400000,2.460000,2.480000,2.400000,15649159
2019-07-24T04:00:00Z,2.460000,2.360000,2.530000,2.350000,22124691
2019-07-25T04:00:00Z,2.390000,2.170000,2.410000,2.170000,31058328
2019-07-26T04:00:00Z,2.170000,2.040000,2.190000,2.020000,32737401
2019-07-29T04:00:00Z,2.030000,1.910000,2.050000,1.860000,36676644
2019-07-30T04:00:00Z,1.910000,2.190000,2.290000,1.860000,40478913
2019-07-31T04:00:00Z,2.220000,2.200000,2.355000,2.170000,30212748
2019-08-01T04:00:00Z,2.200000,2.130000,2.260000,2.070000,30866178
2019-08-02T04:00:00Z,2.130000,2.060000,2.150000,1.990000,16942154
2019-08-05T04:00:00Z,2.010000,1.940000,2.020000,1.920000,18939991
2019-08-06T04:00:00Z,1.970000,1.850000,2.010000,1.810000,19068572
2019-08-07T04:00:00Z,1.760000,1.890000,1.930000,1.640000,29300244
2019-08-08T04:00:00Z,1.900000,1.910000,1.990000,1.880000,15987358
2019-08-09T04:00:00Z,1.910000,1.900000,2.000000,1.880000,19628549
2019-08-12T04:00:00Z,1.900000,1.850000,1.920000,1.760000,16730592
2019-08-13T04:00:00Z,1.820000,1.800000,1.940000,1.750000,25500033
2019-08-14T04:00:00Z,1.780000,1.730000,1.812500,1.680000,15716730
2019-08-15T04:00:00Z,1.730000,1.720000,1.770000,1.690000,11968685
2019-08-16T04:00:00Z,1.740000,1.800000,1.800000,1.680000,16538574
2019-08-19T04:00:00Z,1.830000,1.950000,1.985000,1.785000,16882585
2019-08-20T04:00:00Z,1.950000,1.850000,1.950100,1.810000,12786333
2019-08-21T04:00:00Z,1.890000,1.840000,1.935000,1.810000,13994740
2019-08-22T04:00:00Z,1.840000,1.830000,1.900000,1.800000,14549703
2019-08-23T04:00:00Z,1.800000,1.690000,1.830000,1.680000,16448071
2019-08-26T04:00:00Z,1.740000,1.710000,1.770000,1.670000,18735034
2019-08-27T04:00:00Z,1.720000,1.640000,1.750000,1.640000,14387553
2019-08-28T04:00:00Z,1.670000,1.680000,1.740000,1.650000,17943283
2019-08-29T04:00:00Z,1.700000,1.740000,1.790000,1.680000,17976047
2019-08-30T04:00:00Z,1.720000,1.580000,1.740000,1.560000,19995885
2019-09-03T04:00:00Z,1.570000,1.640000,1.680000,1.560000,17603570
2019-09-04T04:00:00Z,1.670000,1.770000,1.790000,1.640000,22712775
2019-09-05T04:00:00Z,1.860000,1.950000,2.020000,1.810000,31714517
2019-09-06T04:00:00Z,1.930000,1.930000,2.000000,1.830000,23440462
2019-09-09T04:00:00Z,1.990000,2.250000,2.260000,1.980000,32606632
2019-09-10T04:00:00Z,2.330000,2.210000,2.580000,2.190000,43345284
2019-09-11T04:00:00Z,2.240000,2.320000,2.430000,2.210000,24465440
2019-09-12T04:00:00Z,2.250000,2.140000,2.260000,2.080000,23736335
2019-09-13T04:00:00Z,2.160000,2.230000,2.270000,2.110000,15793058
2019-09-16T04:00:00Z,2.460000,2.280000,2.500000,2.260000,47156748
2019-09-17T04:00:00Z,2.250000,2.210000,2.355000,2.100000,27478259
2019-09-18T04:00:00Z,2.190000,2.130000,2.230000,2.070000,17522607
2019-09-19T04:00:00Z,2.160000,2.030000,2.340000,2.000000,31115044
2019-09-20T04:00:00Z,2.070000,2.090000,2.100000,2.010000,27041367
2019-09-23T04:00:00Z,2.060000,2.060000,2.110000,2.010000,14144038
2019-09-24T04:00:00Z,2.080000,2.060000,2.100000,2.015000,16166401
2019-09-25T04:00:00Z,2.020000,2.050000,2.090000,2.000000,13898937
2019-09-26T04:00:00Z,2.040000,2.010000,2.060000,1.930000,25404729
2019-09-27T04:00:00Z,1.960000,2.040000,2.070000,1.950000,15751042
2019-09-30T04:00:00Z,2.000000,1.930000,2.010000,1.870000,20835172
2019-10-01T04:00:00Z,1.950000,1.890000,2.020000,1.870000,23759587
2019-10-02T04:00:00Z,1.860000,1.890000,2.010000,1.850000,25333682
2019-10-03T04:00:00Z,1.900000,1.820000,1.915000,1.760000,20996134
2019-10-04T04:00:00Z,1.830000,1.880000,1.910000,1.710000,20241696
2019-10-07T04:00:00Z,1.850000,1.860000,1.900000,1.790000,18309924
2019-10-08T04:00:00Z,1.830000,1.790000,1.875000,1.790000,16387967
2019-10-09T04:00:00Z,1.830000,1.770000,1.860000,1.760000,14813124
2019-10-10T04:00:00Z,1.810000,1.850000,1.880000,1.750000,15365581
2019-10-11T04:00:00Z,1.920000,1.950000,2.000000,1.860000,24644748
2019-10-14T04:00:00Z,1.930000,1.980000,2.020000,1.890000,17589088
2019-10-15T04:00:00Z,2.000000,2.030000,2.125000,1.970000,17675541
2019-10-16T04:00:00Z,2.070000,2.020000,2.150000,2.010000,16587645
2019-10-17T04:00:00Z,2.040000,2.150000,2.180000,1.990000,21049208
2019-10-18T04:00:00Z,2.140000,2.010000,2.170000,2.000000,20286586
2019-10-21T04:00:00Z,2.010000,2.020000,2.050000,1.920000,18924944
2019-10-22T04:00:00Z,2.050000,2.030000,2.110000,1.970000,11302880
2019-10-23T04:00:00Z,2.030000,2.090000,2.150000,1.970000,12264908
2019-10-24T04:00:00Z,2.130000,1.990000,2.130000,1.970000,16628336
2019-10-25T04:00:00Z,2.010000,2.120000,2.130000,1.940000,21180388
2019-10-28T04:00:00Z,2.160000,2.150000,2.245000,2.110000,21415214
2019-10-29T04:00:00Z,2.110000,2.230000,2.300000,2.090000,24684531
2019-10-30T04:00:00Z,2.260000,2.100000,2.300000,2.090000,19498751
2019-10-31T04:00:00Z,2.120000,2.050000,2.130000,1.990000,20377011
2019-11-01T04:00:00Z,2.060000,2.110000,2.148500,2.050000,18875802
2019-11-04T05:00:00Z,2.180000,2.300000,2.350000,2.180000,22720425
2019-11-05T05:00:00Z,2.330000,2.290000,2.450000,2.250000,19565819
2019-11-06T05:00:00Z,2.280000,2.250000,2.370000,2.240000,19730357
2019-11-07T05:00:00Z,2.290000,2.300000,2.370000,2.250000,18796297
2019-11-08T05:00:00Z,2.280000,2.280000,2.320000,2.220000,18539744
2019-11-11T05:00:00Z,2.200000,2.120000,2.220000,2.060000,25719160
2019-11-12T05:00:00Z,2.130000,2.150000,2.186200,2.070000,23908068
2019-11-13T05:00:00Z,2.110000,2.140000,2.200000,2.080000,18025650
2019-11-14T05:00:00Z,2.150000,2.110000,2.210000,2.080000,25126860
2019-11-15T05:00:00Z,2.130000,2.150000,2.190000,2.110000,18433379
2019-11-18T05:00:00Z,2.120000,1.970000,2.120000,1.935000,26000760
2019-11-19T05:00:00Z,1.950000,1.900000,1.960000,1.870000,14319685
2019-11-20T05:00:00Z,1.910000,1.830000,1.940000,1.780000,34582045
2019-11-21T05:00:00Z,1.850000,1.850000,1.865000,1.780000,20792873
2019-11-22T05:00:00Z,1.870000,1.950000,1.990000,1.810000,23568430
2019-11-25T05:00:00Z,1.910000,1.950000,1.960000,1.890000,21441125
2019-11-26T05:00:00Z,1.930000,1.890000,1.930000,1.830000,29449351
2019-11-27T05:00:00Z,1.890000,1.950000,1.990000,1.875000,24600069
2019-11-29T05:00:00Z,1.890000,1.820000,1.930000,1.770000,12056549
2019-12-02T05:00:00Z,1.850000,1.820000,1.860000,1.780000,15931421
2019-12-03T05:00:00Z,1.810000,1.840000,1.880000,1.780000,17071344
2019-12-04T05:00:00Z,1.850000,1.920000,1.950000,1.850000,17756332
2019-12-05T05:00:00Z,1.940000,1.960000,1.980000,1.900000,20561583
2019-12-06T05:00:00Z,1.930000,2.050000,2.110000,1.930000,27120104
2019-12-09T05:00:00Z,2.010000,2.020000,2.060000,1.980000,25430036
2019-12-10T05:00:00Z,1.990000,2.030000,2.080000,1.990000,14911219
2019-12-11T05:00:00Z,2.030000,2.010000,2.055000,1.980000,13778920
2019-12-12T05:00:00Z,2.020000,2.120000,2.170000,2.000000,23902563
2019-12-13T05:00:00Z,2.200000,1.990000,2.200000,1.970000,26741662
2019-12-16T05:00:00Z,2.030000,2.140000,2.230000,2.010000,41910120
2019-12-17T05:00:00Z,2.150000,2.300000,2.330000,2.140000,29426174
2019-12-18T05:00:00Z,2.280000,2.290000,2.350000,2.240000,30802900
2019-12-19T05:00:00Z,2.280000,2.420000,2.450000,2.280000,25708871
2019-12-20T05:00:00Z,2.440000,2.300000,2.440000,2.300000,109854409
2019-12-23T05:00:00Z,2.300000,2.380000,2.400000,2.290000,20369328
2019-12-24T05:00:00Z,2.370000,2.340000,2.420000,2.330000,6650907
2019-12-26T05:00:00Z,2.390000,2.350000,2.420000,2.330000,10306070
2019-12-27T05:00:00Z,2.350000,2.270000,2.360000,2.250000,13693908
2019-12-30T05:00:00Z,2.280000,2.330000,2.400000,2.270000,19964811
2019-12-31T05:00:00Z,2.310000,2.420000,2.470000,2.300000,17481396
2020-01-02T05:00:00Z,2.430000,2.310000,2.450000,2.270000,24604704
2020-01-03T05:00:00Z,2.370000,2.330000,2.400000,2.300000,22846160
